user.key,device.key,session.id,Alicante.local.date.time,volume,temperature,energy,flow,duration,history,mobile.os
68777360-346f-4e9b-97cc-d9c6830ccc7c,5c9a26f9-3ba9-48b2-b8e1-48305f3ba13a,408,2/3/2017 9:18,18.2,30,422.84668,6.2,176,FALSE,android
68777360-346f-4e9b-97cc-d9c6830ccc7c,5c9a26f9-3ba9-48b2-b8e1-48305f3ba13a,405,4/3/2017 18:07,13.6,25,236.98,5.2,156,TRUE,android
68777360-346f-4e9b-97cc-d9c6830ccc7c,5c9a26f9-3ba9-48b2-b8e1-48305f3ba13a,404,4/3/2017 18:07,10.5,25,182.9625,5.9,106,TRUE,android
68777360-346f-4e9b-97cc-d9c6830ccc7c,8f845023-62d3-4a83-8f05-e491352e7c9b,41,5/3/2017 19:38,11.7,34,297,1.95,360,FALSE,android
68777360-346f-4e9b-97cc-d9c6830ccc7c,8f845023-62d3-4a83-8f05-e491352e7c9b,40,7/3/2017 17:38,3.2,19,33.456,3.6,53,TRUE,android
68777360-346f-4e9b-97cc-d9c6830ccc7c,8f845023-62d3-4a83-8f05-e491352e7c9b,39,23/03/2017 18:12:57,5.7,20,66.215,2.7,126,TRUE,android
68777360-346f-4e9b-97cc-d9c6830ccc7c,8f845023-62d3-4a83-8f05-e491352e7c9b,38,23/03/2017 18:12:57,15.8,30,367.08667,4.6,206,TRUE,android
68777360-346f-4e9b-97cc-d9c6830ccc7c,8f845023-62d3-4a83-8f05-e491352e7c9b,37,5/3/2017 19:38,1.7,17,13.823833,2,51,TRUE,android
68777360-346f-4e9b-97cc-d9c6830ccc7c,8f845023-62d3-4a83-8f05-e491352e7c9b,36,5/3/2017 19:38,4.3,18,39.961334,3.8,67,TRUE,android
68777360-346f-4e9b-97cc-d9c6830ccc7c,8f845023-62d3-4a83-8f05-e491352e7c9b,35,9/3/2017 17:55,30.9,28,646.119,5.8,319,TRUE,android
68777360-346f-4e9b-97cc-d9c6830ccc7c,8f845023-62d3-4a83-8f05-e491352e7c9b,34,9/3/2017 17:54,3.7,21,47.279835,5.6,39,TRUE,android
68777360-346f-4e9b-97cc-d9c6830ccc7c,8f845023-62d3-4a83-8f05-e491352e7c9b,33,9/3/2017 17:54,29.9,27,590.47516,5.6,320,TRUE,android
68777360-346f-4e9b-97cc-d9c6830ccc7c,8f845023-62d3-4a83-8f05-e491352e7c9b,32,9/3/2017 17:54,4.1,24,66.679665,6,40,TRUE,android
68777360-346f-4e9b-97cc-d9c6830ccc7c,8f845023-62d3-4a83-8f05-e491352e7c9b,31,9/3/2017 17:54,12.4,32,316.90268,4.1,181,TRUE,android
68777360-346f-4e9b-97cc-d9c6830ccc7c,8f845023-62d3-4a83-8f05-e491352e7c9b,30,9/3/2017 17:54,4.1,25,71.4425,2.8,87,TRUE,android
68777360-346f-4e9b-97cc-d9c6830ccc7c,8f845023-62d3-4a83-8f05-e491352e7c9b,29,9/3/2017 17:54,3.9,25,67.9575,2.9,80,TRUE,android
68777360-346f-4e9b-97cc-d9c6830ccc7c,8f845023-62d3-4a83-8f05-e491352e7c9b,28,9/3/2017 17:54,4.3,25,74.9275,3.1,83,TRUE,android
68777360-346f-4e9b-97cc-d9c6830ccc7c,8f845023-62d3-4a83-8f05-e491352e7c9b,27,13/04/2017 18:14:35,29.4,28,614.754,7.3,241,TRUE,android
68777360-346f-4e9b-97cc-d9c6830ccc7c,8f845023-62d3-4a83-8f05-e491352e7c9b,26,29/03/2017 20:22:25,5.7,26,105.944,7,48,TRUE,android
68777360-346f-4e9b-97cc-d9c6830ccc7c,8f845023-62d3-4a83-8f05-e491352e7c9b,25,29/03/2017 20:22:25,5,34,139.4,4.7,63,TRUE,android
68777360-346f-4e9b-97cc-d9c6830ccc7c,8f845023-62d3-4a83-8f05-e491352e7c9b,24,29/03/2017 20:22:25,10.6,32,270.90067,4.1,155,TRUE,android
68777360-346f-4e9b-97cc-d9c6830ccc7c,8f845023-62d3-4a83-8f05-e491352e7c9b,23,29/03/2017 20:22:25,4.6,26,85.498665,3.2,86,TRUE,android
68777360-346f-4e9b-97cc-d9c6830ccc7c,8f845023-62d3-4a83-8f05-e491352e7c9b,22,29/03/2017 20:22:25,3.9,26,72.488,3,78,TRUE,android
68777360-346f-4e9b-97cc-d9c6830ccc7c,8f845023-62d3-4a83-8f05-e491352e7c9b,21,29/03/2017 20:22:25,4.4,26,81.781334,3.1,85,TRUE,android
68777360-346f-4e9b-97cc-d9c6830ccc7c,8f845023-62d3-4a83-8f05-e491352e7c9b,20,29/03/2017 20:22:25,15.3,31,373.2435,4.4,208,TRUE,android
68777360-346f-4e9b-97cc-d9c6830ccc7c,8f845023-62d3-4a83-8f05-e491352e7c9b,19,29/03/2017 20:22:25,14.8,29,326.66068,9.9,89,TRUE,android
68777360-346f-4e9b-97cc-d9c6830ccc7c,8f845023-62d3-4a83-8f05-e491352e7c9b,18,29/03/2017 20:22:25,4.3,27,84.91783,6,43,TRUE,android
68777360-346f-4e9b-97cc-d9c6830ccc7c,8f845023-62d3-4a83-8f05-e491352e7c9b,17,29/03/2017 20:22:25,9,27,177.735,8.3,65,TRUE,android
68777360-346f-4e9b-97cc-d9c6830ccc7c,8f845023-62d3-4a83-8f05-e491352e7c9b,15,7/3/2017 17:39,4.2,27,82.943,2.9,86,TRUE,android
68777360-346f-4e9b-97cc-d9c6830ccc7c,8f845023-62d3-4a83-8f05-e491352e7c9b,11,7/3/2017 17:39,16.2,34,451.656,4.3,226,TRUE,android
68777360-346f-4e9b-97cc-d9c6830ccc7c,8f845023-62d3-4a83-8f05-e491352e7c9b,10,7/3/2017 17:39,1.5,26,27.88,5,18,TRUE,android
68777360-346f-4e9b-97cc-d9c6830ccc7c,8f845023-62d3-4a83-8f05-e491352e7c9b,9,7/3/2017 17:39,6.3,27,124.4145,7.3,51,TRUE,android
68777360-346f-4e9b-97cc-d9c6830ccc7c,8f845023-62d3-4a83-8f05-e491352e7c9b,8,7/3/2017 17:39,19.4,32,495.79935,4.5,258,TRUE,android
68777360-346f-4e9b-97cc-d9c6830ccc7c,8f845023-62d3-4a83-8f05-e491352e7c9b,7,7/3/2017 17:39,10.8,32,276.012,4.3,150,TRUE,android
68777360-346f-4e9b-97cc-d9c6830ccc7c,8f845023-62d3-4a83-8f05-e491352e7c9b,6,7/3/2017 17:39,13.8,36,416.806,3.9,212,TRUE,android
68777360-346f-4e9b-97cc-d9c6830ccc7c,8f845023-62d3-4a83-8f05-e491352e7c9b,3,5/3/2017 19:38,3.3,26,61.336,7.1,27,TRUE,android
e3b4516c-889b-4591-b434-e5c3d8ddfba3,2f7328da-7a87-4008-a9e8-32ac84290198,217,1/3/2017 16:05,17.1,35,484,5.8628573,175,FALSE,android
e3b4516c-889b-4591-b434-e5c3d8ddfba3,2f7328da-7a87-4008-a9e8-32ac84290198,36,1/3/2017 16:03,28.6,31,697.697,8.8,195,TRUE,android
e3b4516c-889b-4591-b434-e5c3d8ddfba3,2f7328da-7a87-4008-a9e8-32ac84290198,20,1/3/2017 16:03,46.2,34,1288.056,8,346,TRUE,android
e3b4516c-889b-4591-b434-e5c3d8ddfba3,2f7328da-7a87-4008-a9e8-32ac84290198,19,1/3/2017 16:03,24.8,30,576.18665,9.1,163,TRUE,android
e3b4516c-889b-4591-b434-e5c3d8ddfba3,2f7328da-7a87-4008-a9e8-32ac84290198,18,1/3/2017 16:03,21.4,32,546.91266,5.7,225,TRUE,android
e3b4516c-889b-4591-b434-e5c3d8ddfba3,bbcc0c7a-795b-45cb-8cb0-cd6c5cf3f4a6,45,19/05/2017 08:52:14,50.2,39,1624,24.096,125,FALSE,android
e3b4516c-889b-4591-b434-e5c3d8ddfba3,bbcc0c7a-795b-45cb-8cb0-cd6c5cf3f4a6,44,19/05/2017 14:26:06,2.4,32,61.336,24,5,TRUE,android
e3b4516c-889b-4591-b434-e5c3d8ddfba3,bbcc0c7a-795b-45cb-8cb0-cd6c5cf3f4a6,43,19/05/2017 13:26:35,59,38,1919.0734,24.1,146,TRUE,android
e3b4516c-889b-4591-b434-e5c3d8ddfba3,bbcc0c7a-795b-45cb-8cb0-cd6c5cf3f4a6,42,19/05/2017 13:26:35,20.2,39,680.50433,11.5,105,TRUE,android
e3b4516c-889b-4591-b434-e5c3d8ddfba3,bbcc0c7a-795b-45cb-8cb0-cd6c5cf3f4a6,41,19/05/2017 13:26:35,34.8,38,1131.928,17.4,120,TRUE,android
e3b4516c-889b-4591-b434-e5c3d8ddfba3,bbcc0c7a-795b-45cb-8cb0-cd6c5cf3f4a6,40,19/05/2017 13:26:35,21.9,35,636.0125,14,93,TRUE,android
e3b4516c-889b-4591-b434-e5c3d8ddfba3,bbcc0c7a-795b-45cb-8cb0-cd6c5cf3f4a6,39,19/05/2017 13:26:35,18.3,38,595.238,7.4,148,TRUE,android
e3b4516c-889b-4591-b434-e5c3d8ddfba3,bbcc0c7a-795b-45cb-8cb0-cd6c5cf3f4a6,38,19/05/2017 13:26:30,35.8,38,1164.4547,14.3,150,TRUE,android
e3b4516c-889b-4591-b434-e5c3d8ddfba3,bbcc0c7a-795b-45cb-8cb0-cd6c5cf3f4a6,37,19/05/2017 13:26:30,14.3,38,465.13135,9.3,92,TRUE,android
e3b4516c-889b-4591-b434-e5c3d8ddfba3,bbcc0c7a-795b-45cb-8cb0-cd6c5cf3f4a6,36,19/05/2017 13:26:30,15.5,39,522.1692,7,132,TRUE,android
e3b4516c-889b-4591-b434-e5c3d8ddfba3,bbcc0c7a-795b-45cb-8cb0-cd6c5cf3f4a6,35,19/05/2017 13:26:30,18.9,39,636.7095,9.9,114,TRUE,android
e3b4516c-889b-4591-b434-e5c3d8ddfba3,bbcc0c7a-795b-45cb-8cb0-cd6c5cf3f4a6,34,19/05/2017 13:26:30,20,35,580.8333,14.1,85,TRUE,android
e3b4516c-889b-4591-b434-e5c3d8ddfba3,bbcc0c7a-795b-45cb-8cb0-cd6c5cf3f4a6,33,19/05/2017 13:26:30,30.5,34,850.34,14.1,129,TRUE,android
e3b4516c-889b-4591-b434-e5c3d8ddfba3,bbcc0c7a-795b-45cb-8cb0-cd6c5cf3f4a6,32,19/05/2017 13:26:30,11.9,36,359.41968,7.7,92,TRUE,android
e3b4516c-889b-4591-b434-e5c3d8ddfba3,bbcc0c7a-795b-45cb-8cb0-cd6c5cf3f4a6,31,19/05/2017 13:26:30,36.4,38,1183.9707,16.1,135,TRUE,android
e3b4516c-889b-4591-b434-e5c3d8ddfba3,bbcc0c7a-795b-45cb-8cb0-cd6c5cf3f4a6,30,19/05/2017 13:26:30,12.8,37,401.472,6.4,120,TRUE,android
e3b4516c-889b-4591-b434-e5c3d8ddfba3,bbcc0c7a-795b-45cb-8cb0-cd6c5cf3f4a6,29,19/05/2017 13:26:30,13,25,226.525,5.8,134,TRUE,android
e3b4516c-889b-4591-b434-e5c3d8ddfba3,bbcc0c7a-795b-45cb-8cb0-cd6c5cf3f4a6,27,19/05/2017 08:52:10,23.7,35,688.2875,9.1,156,TRUE,android
e3b4516c-889b-4591-b434-e5c3d8ddfba3,bbcc0c7a-795b-45cb-8cb0-cd6c5cf3f4a6,25,19/05/2017 13:26:25,22.5,37,705.7125,11,122,TRUE,android
e3b4516c-889b-4591-b434-e5c3d8ddfba3,bbcc0c7a-795b-45cb-8cb0-cd6c5cf3f4a6,24,19/05/2017 13:26:25,13,41,468.15167,6.8,114,TRUE,android
e3b4516c-889b-4591-b434-e5c3d8ddfba3,bbcc0c7a-795b-45cb-8cb0-cd6c5cf3f4a6,23,19/05/2017 13:26:25,12.8,39,431.21066,8.1,94,TRUE,android
e3b4516c-889b-4591-b434-e5c3d8ddfba3,bbcc0c7a-795b-45cb-8cb0-cd6c5cf3f4a6,22,19/05/2017 13:26:20,44.4,39,1495.762,17.1,155,TRUE,android
e3b4516c-889b-4591-b434-e5c3d8ddfba3,bbcc0c7a-795b-45cb-8cb0-cd6c5cf3f4a6,21,19/05/2017 13:26:20,36.5,39,1229.6241,14.8,147,TRUE,android
e3b4516c-889b-4591-b434-e5c3d8ddfba3,bbcc0c7a-795b-45cb-8cb0-cd6c5cf3f4a6,20,19/05/2017 13:26:20,28.1,37,881.3565,10.1,166,TRUE,android
e3b4516c-889b-4591-b434-e5c3d8ddfba3,bbcc0c7a-795b-45cb-8cb0-cd6c5cf3f4a6,19,19/05/2017 13:26:20,14.4,37,451.656,8.1,106,TRUE,android
e3b4516c-889b-4591-b434-e5c3d8ddfba3,bbcc0c7a-795b-45cb-8cb0-cd6c5cf3f4a6,18,19/05/2017 13:26:20,25.6,35,743.4667,11,139,TRUE,android
e3b4516c-889b-4591-b434-e5c3d8ddfba3,bbcc0c7a-795b-45cb-8cb0-cd6c5cf3f4a6,17,19/05/2017 13:26:20,20.1,42,747.184,8.8,137,TRUE,android
e3b4516c-889b-4591-b434-e5c3d8ddfba3,bbcc0c7a-795b-45cb-8cb0-cd6c5cf3f4a6,16,19/05/2017 13:26:20,8.8,36,265.78934,5.5,96,TRUE,android
e3b4516c-889b-4591-b434-e5c3d8ddfba3,bbcc0c7a-795b-45cb-8cb0-cd6c5cf3f4a6,15,19/05/2017 13:26:20,16,37,501.84,7.9,121,TRUE,android
e3b4516c-889b-4591-b434-e5c3d8ddfba3,bbcc0c7a-795b-45cb-8cb0-cd6c5cf3f4a6,14,19/05/2017 13:26:20,8.6,37,269.739,5.4,95,TRUE,android
e3b4516c-889b-4591-b434-e5c3d8ddfba3,bbcc0c7a-795b-45cb-8cb0-cd6c5cf3f4a6,13,19/05/2017 13:26:19,18.9,37,592.7985,9.9,114,TRUE,android
e3b4516c-889b-4591-b434-e5c3d8ddfba3,bbcc0c7a-795b-45cb-8cb0-cd6c5cf3f4a6,12,30/05/2017 11:07:04,19.5,38,634.27,8.1,144,TRUE,android
e3b4516c-889b-4591-b434-e5c3d8ddfba3,bbcc0c7a-795b-45cb-8cb0-cd6c5cf3f4a6,11,19/05/2017 08:52:24,28.5,41,1026.3325,13.7,124,TRUE,android
e3b4516c-889b-4591-b434-e5c3d8ddfba3,bbcc0c7a-795b-45cb-8cb0-cd6c5cf3f4a6,10,19/05/2017 08:52:24,12.8,38,416.34134,5.8,132,TRUE,android
e3b4516c-889b-4591-b434-e5c3d8ddfba3,bbcc0c7a-795b-45cb-8cb0-cd6c5cf3f4a6,9,19/05/2017 08:52:24,22.6,40,787.61,14.7,92,TRUE,android
e3b4516c-889b-4591-b434-e5c3d8ddfba3,bbcc0c7a-795b-45cb-8cb0-cd6c5cf3f4a6,8,19/05/2017 08:52:24,11.6,34,323.408,6.2,112,TRUE,android
e3b4516c-889b-4591-b434-e5c3d8ddfba3,bbcc0c7a-795b-45cb-8cb0-cd6c5cf3f4a6,7,19/05/2017 08:52:24,19.1,35,554.69586,7.7,148,TRUE,android
e3b4516c-889b-4591-b434-e5c3d8ddfba3,bbcc0c7a-795b-45cb-8cb0-cd6c5cf3f4a6,6,19/05/2017 08:52:24,20.5,38,666.7967,10.7,114,TRUE,android
e3b4516c-889b-4591-b434-e5c3d8ddfba3,bbcc0c7a-795b-45cb-8cb0-cd6c5cf3f4a6,5,19/05/2017 08:52:24,16.1,36,486.27368,8.2,117,TRUE,android
e3b4516c-889b-4591-b434-e5c3d8ddfba3,bbcc0c7a-795b-45cb-8cb0-cd6c5cf3f4a6,4,19/05/2017 08:52:24,22.1,37,693.1665,9.4,141,TRUE,android
e3b4516c-889b-4591-b434-e5c3d8ddfba3,bbcc0c7a-795b-45cb-8cb0-cd6c5cf3f4a6,3,19/05/2017 08:52:24,28.3,36,854.75433,16,106,TRUE,android
e3b4516c-889b-4591-b434-e5c3d8ddfba3,bbcc0c7a-795b-45cb-8cb0-cd6c5cf3f4a6,2,19/05/2017 08:52:23,29.4,39,990.437,17.1,103,TRUE,android
e3b4516c-889b-4591-b434-e5c3d8ddfba3,bbcc0c7a-795b-45cb-8cb0-cd6c5cf3f4a6,1,19/05/2017 13:25:51,24,37,752.76,12.3,117,TRUE,android
b3718348-a94f-49ac-861d-3ae5d864ee7b,2bc454f9-e9b5-4947-903c-eed771cdd40c,346,5/3/2017 19:28,23.8,37,725,3.5610971,401,FALSE,ios
b3718348-a94f-49ac-861d-3ae5d864ee7b,2bc454f9-e9b5-4947-903c-eed771cdd40c,326,5/3/2017 19:27,33.1,36,999.73035,3.4,584,TRUE,ios
b3718348-a94f-49ac-861d-3ae5d864ee7b,2bc454f9-e9b5-4947-903c-eed771cdd40c,325,5/3/2017 19:27,20.8,29,459.09067,3.7,337,TRUE,ios
b3718348-a94f-49ac-861d-3ae5d864ee7b,2bc454f9-e9b5-4947-903c-eed771cdd40c,86,8/6/2017 7:41,71.4,37,2239.461,5.5,778,FALSE,ios
b3718348-a94f-49ac-861d-3ae5d864ee7b,2bc454f9-e9b5-4947-903c-eed771cdd40c,85,7/6/2017 11:18,79.2,36,2392.104,6.3,754,FALSE,ios
b3718348-a94f-49ac-861d-3ae5d864ee7b,2bc454f9-e9b5-4947-903c-eed771cdd40c,62,25/05/2017 09:37:13,85.4,38,2777.7773,6.9,742,FALSE,ios
b3718348-a94f-49ac-861d-3ae5d864ee7b,2bc454f9-e9b5-4947-903c-eed771cdd40c,47,15/05/2017 08:46:31,5.6,29,123.60133,8.2,40,FALSE,ios
b3718348-a94f-49ac-861d-3ae5d864ee7b,2bc454f9-e9b5-4947-903c-eed771cdd40c,42,11/5/2017 9:48,108.7,37,3409.3755,7.5,869,FALSE,ios
b3718348-a94f-49ac-861d-3ae5d864ee7b,2bc454f9-e9b5-4947-903c-eed771cdd40c,40,8/5/2017 9:05,27.5,45,1118.1041,8,206,FALSE,ios
b3718348-a94f-49ac-861d-3ae5d864ee7b,2bc454f9-e9b5-4947-903c-eed771cdd40c,36,6/5/2017 14:45,196.9,38,6404.5005,8.6,1373,FALSE,ios
b3718348-a94f-49ac-861d-3ae5d864ee7b,2bc454f9-e9b5-4947-903c-eed771cdd40c,32,6/5/2017 14:45,100.9,39,3399.1528,5.4,1121,TRUE,ios
b3718348-a94f-49ac-861d-3ae5d864ee7b,2bc454f9-e9b5-4947-903c-eed771cdd40c,31,11/5/2017 9:47,61.7,34,1720.196,5.7,649,TRUE,ios
b3718348-a94f-49ac-861d-3ae5d864ee7b,2bc454f9-e9b5-4947-903c-eed771cdd40c,30,11/5/2017 9:47,48,38,1561.28,4.8,600,TRUE,ios
b3718348-a94f-49ac-861d-3ae5d864ee7b,2bc454f9-e9b5-4947-903c-eed771cdd40c,22,15/05/2017 08:45:36,80.5,39,2711.911,4.5,1073,TRUE,ios
b3718348-a94f-49ac-861d-3ae5d864ee7b,2bc454f9-e9b5-4947-903c-eed771cdd40c,21,15/05/2017 08:45:49,93.9,36,2836.093,5,1126,TRUE,ios
b3718348-a94f-49ac-861d-3ae5d864ee7b,2bc454f9-e9b5-4947-903c-eed771cdd40c,19,15/05/2017 08:46:14,19,31,463.505,4.8,237,TRUE,ios
b3718348-a94f-49ac-861d-3ae5d864ee7b,2bc454f9-e9b5-4947-903c-eed771cdd40c,7,17/04/2017 22:59:09,75,39,2526.625,5,900,TRUE,ios
b3718348-a94f-49ac-861d-3ae5d864ee7b,2bc454f9-e9b5-4947-903c-eed771cdd40c,6,17/04/2017 22:59:36,54.4,35,1579.8667,4.4,741,TRUE,ios
7ebfe8b4-70a7-4730-9c45-73b4c784b04e,959d562b-d345-4cad-b7a0-198cf9df66ef,101,4/5/2017 20:15,36.2,32,925.1513,6.3,344,FALSE,ios
7ebfe8b4-70a7-4730-9c45-73b4c784b04e,959d562b-d345-4cad-b7a0-198cf9df66ef,100,4/5/2017 7:15,9.6,28,200.736,7.3,78,FALSE,ios
7ebfe8b4-70a7-4730-9c45-73b4c784b04e,959d562b-d345-4cad-b7a0-198cf9df66ef,99,3/5/2017 7:13,30.1,34,839.188,7,258,FALSE,ios
7ebfe8b4-70a7-4730-9c45-73b4c784b04e,959d562b-d345-4cad-b7a0-198cf9df66ef,95,29/04/2017 08:14:51,32.4,32,828.036,8,243,FALSE,ios
7ebfe8b4-70a7-4730-9c45-73b4c784b04e,959d562b-d345-4cad-b7a0-198cf9df66ef,93,27/04/2017 10:04:20,27.8,32,710.47534,7.4,225,FALSE,ios
7ebfe8b4-70a7-4730-9c45-73b4c784b04e,959d562b-d345-4cad-b7a0-198cf9df66ef,79,15/04/2017 10:17:42,34.6,34,964.648,7.9,262,FALSE,ios
7ebfe8b4-70a7-4730-9c45-73b4c784b04e,959d562b-d345-4cad-b7a0-198cf9df66ef,66,4/4/2017 7:15,31.5,34,878.22,7.2,262,FALSE,ios
7ebfe8b4-70a7-4730-9c45-73b4c784b04e,959d562b-d345-4cad-b7a0-198cf9df66ef,63,1/4/2017 8:55,7.1,30,164.95667,8,53,FALSE,ios
7ebfe8b4-70a7-4730-9c45-73b4c784b04e,959d562b-d345-4cad-b7a0-198cf9df66ef,55,26/03/2017 10:55:08,34,31,829.43,6.1,334,FALSE,ios
7ebfe8b4-70a7-4730-9c45-73b4c784b04e,959d562b-d345-4cad-b7a0-198cf9df66ef,54,25/03/2017 09:13:39,27.2,32,695.14136,6,272,FALSE,ios
7ebfe8b4-70a7-4730-9c45-73b4c784b04e,959d562b-d345-4cad-b7a0-198cf9df66ef,52,23/03/2017 20:41:53,30.1,31,734.2895,6.3,286,FALSE,ios
7ebfe8b4-70a7-4730-9c45-73b4c784b04e,959d562b-d345-4cad-b7a0-198cf9df66ef,49,21/03/2017 20:52:12,7.1,37,129,4.7865167,89,FALSE,ios
7ebfe8b4-70a7-4730-9c45-73b4c784b04e,959d562b-d345-4cad-b7a0-198cf9df66ef,48,21/03/2017 20:51:17,20.1,36,607.087,4.8,251,TRUE,ios
7ebfe8b4-70a7-4730-9c45-73b4c784b04e,959d562b-d345-4cad-b7a0-198cf9df66ef,47,20/03/2017 20:02:13,1.3,20,15,3.9,20,FALSE,ios
7ebfe8b4-70a7-4730-9c45-73b4c784b04e,959d562b-d345-4cad-b7a0-198cf9df66ef,46,21/03/2017 20:51:42,23.8,35,691.19165,4.8,297,TRUE,ios
7ebfe8b4-70a7-4730-9c45-73b4c784b04e,959d562b-d345-4cad-b7a0-198cf9df66ef,45,21/03/2017 20:51:54,29.7,33,793.5345,5,356,TRUE,ios
7ebfe8b4-70a7-4730-9c45-73b4c784b04e,959d562b-d345-4cad-b7a0-198cf9df66ef,44,21/03/2017 20:52:07,25.4,36,767.1647,5.8,262,TRUE,ios
7ebfe8b4-70a7-4730-9c45-73b4c784b04e,959d562b-d345-4cad-b7a0-198cf9df66ef,40,15/03/2017 07:16:39,2.8,35,57,4.5405407,37,FALSE,ios
7ebfe8b4-70a7-4730-9c45-73b4c784b04e,959d562b-d345-4cad-b7a0-198cf9df66ef,39,15/03/2017 07:16:22,20.3,32,518.80035,4.9,248,TRUE,ios
7ebfe8b4-70a7-4730-9c45-73b4c784b04e,959d562b-d345-4cad-b7a0-198cf9df66ef,38,15/03/2017 07:16:34,21.2,35,615.68335,4.7,270,TRUE,ios
7ebfe8b4-70a7-4730-9c45-73b4c784b04e,959d562b-d345-4cad-b7a0-198cf9df66ef,37,13/03/2017 07:16:20,3.5,35,74,5.121951,41,FALSE,ios
7ebfe8b4-70a7-4730-9c45-73b4c784b04e,959d562b-d345-4cad-b7a0-198cf9df66ef,36,13/03/2017 07:15:53,22.6,35,656.3417,4.9,276,TRUE,ios
7ebfe8b4-70a7-4730-9c45-73b4c784b04e,959d562b-d345-4cad-b7a0-198cf9df66ef,35,13/03/2017 07:16:05,7,28,146.37,4.3,97,TRUE,ios
7ebfe8b4-70a7-4730-9c45-73b4c784b04e,959d562b-d345-4cad-b7a0-198cf9df66ef,34,10/3/2017 19:44,21.7,32,554.57965,4.7,277,FALSE,ios
7ebfe8b4-70a7-4730-9c45-73b4c784b04e,959d562b-d345-4cad-b7a0-198cf9df66ef,33,10/3/2017 19:43,21.8,36,658.4327,4.7,278,TRUE,ios
7ebfe8b4-70a7-4730-9c45-73b4c784b04e,959d562b-d345-4cad-b7a0-198cf9df66ef,32,9/3/2017 20:30,22.6,33,603.83435,4.5,301,FALSE,ios
7ebfe8b4-70a7-4730-9c45-73b4c784b04e,959d562b-d345-4cad-b7a0-198cf9df66ef,31,9/3/2017 20:30,25.2,36,761.124,4.7,321,TRUE,ios
7ebfe8b4-70a7-4730-9c45-73b4c784b04e,959d562b-d345-4cad-b7a0-198cf9df66ef,30,8/3/2017 19:06,27.6,33,737.426,4.8,345,FALSE,ios
7ebfe8b4-70a7-4730-9c45-73b4c784b04e,959d562b-d345-4cad-b7a0-198cf9df66ef,28,8/3/2017 19:06,23.7,35,688.2875,4.8,296,TRUE,ios
7ebfe8b4-70a7-4730-9c45-73b4c784b04e,959d562b-d345-4cad-b7a0-198cf9df66ef,27,8/3/2017 19:06,25.7,36,776.22565,4.6,335,TRUE,ios
7ebfe8b4-70a7-4730-9c45-73b4c784b04e,959d562b-d345-4cad-b7a0-198cf9df66ef,24,3/3/2017 19:50,0.9,20,10,4.1538463,13,FALSE,ios
7ebfe8b4-70a7-4730-9c45-73b4c784b04e,959d562b-d345-4cad-b7a0-198cf9df66ef,23,3/3/2017 7:13,6.7,35,172,5.5833335,72,FALSE,ios
7ebfe8b4-70a7-4730-9c45-73b4c784b04e,959d562b-d345-4cad-b7a0-198cf9df66ef,21,3/3/2017 7:12,4.8,20,55.76,4.9,58,TRUE,ios
7ebfe8b4-70a7-4730-9c45-73b4c784b04e,959d562b-d345-4cad-b7a0-198cf9df66ef,20,3/3/2017 7:13,28.5,38,927.01,5.1,335,TRUE,ios
1de2cf65-092d-4791-9257-374470bdb3c3,ea0ece7b-e299-4316-b199-fbbf4be3ab05,460,1/3/2017 21:48,29.5,39,865,3.881579,456,FALSE,android
1de2cf65-092d-4791-9257-374470bdb3c3,ea0ece7b-e299-4316-b199-fbbf4be3ab05,458,13/03/2017 10:19:56,39,35,1132.625,7.2,325,TRUE,android
1de2cf65-092d-4791-9257-374470bdb3c3,ea0ece7b-e299-4316-b199-fbbf4be3ab05,456,2/3/2017 11:40,6.2,31,151.249,7.4,50,TRUE,android
1de2cf65-092d-4791-9257-374470bdb3c3,ea0ece7b-e299-4316-b199-fbbf4be3ab05,455,1/3/2017 21:42,36.1,35,1048.4042,6.8,318,TRUE,android
1de2cf65-092d-4791-9257-374470bdb3c3,ea0ece7b-e299-4316-b199-fbbf4be3ab05,454,1/3/2017 21:42,35.5,35,1030.9791,8.4,253,TRUE,android
1de2cf65-092d-4791-9257-374470bdb3c3,ea0ece7b-e299-4316-b199-fbbf4be3ab05,453,1/3/2017 21:42,46.4,35,1347.5333,7,397,TRUE,android
1de2cf65-092d-4791-9257-374470bdb3c3,ea0ece7b-e299-4316-b199-fbbf4be3ab05,452,1/3/2017 21:42,4.8,19,50.184,10.7,26,TRUE,android
1de2cf65-092d-4791-9257-374470bdb3c3,ea0ece7b-e299-4316-b199-fbbf4be3ab05,451,2/3/2017 11:41,33.3,35,967.0875,6.4,312,TRUE,android
1de2cf65-092d-4791-9257-374470bdb3c3,ea0ece7b-e299-4316-b199-fbbf4be3ab05,450,1/3/2017 21:43,50.3,35,1460.7958,8.7,346,TRUE,android
1de2cf65-092d-4791-9257-374470bdb3c3,ea0ece7b-e299-4316-b199-fbbf4be3ab05,449,1/3/2017 21:44,62.4,35,1812.2,6.4,585,TRUE,android
1de2cf65-092d-4791-9257-374470bdb3c3,ea0ece7b-e299-4316-b199-fbbf4be3ab05,447,3/3/2017 11:14,32.8,36,990.6693,6.4,307,TRUE,android
1de2cf65-092d-4791-9257-374470bdb3c3,ea0ece7b-e299-4316-b199-fbbf4be3ab05,446,1/3/2017 21:47,19.3,34,538.084,8.4,137,TRUE,android
1de2cf65-092d-4791-9257-374470bdb3c3,ea0ece7b-e299-4316-b199-fbbf4be3ab05,445,1/3/2017 21:47,110.9,36,3349.5496,7.7,864,TRUE,android
1de2cf65-092d-4791-9257-374470bdb3c3,ea0ece7b-e299-4316-b199-fbbf4be3ab05,444,1/3/2017 21:47,32.9,36,993.68964,6.3,313,TRUE,android
1de2cf65-092d-4791-9257-374470bdb3c3,ea0ece7b-e299-4316-b199-fbbf4be3ab05,443,2/3/2017 11:46,34.8,36,1051.076,6.3,331,TRUE,android
1de2cf65-092d-4791-9257-374470bdb3c3,ea0ece7b-e299-4316-b199-fbbf4be3ab05,441,3/3/2017 11:15,41.2,36,1244.3773,6.7,368,TRUE,android
1de2cf65-092d-4791-9257-374470bdb3c3,ea0ece7b-e299-4316-b199-fbbf4be3ab05,440,2/3/2017 11:47,18.8,34,524.144,8.9,126,TRUE,android
1de2cf65-092d-4791-9257-374470bdb3c3,ea0ece7b-e299-4316-b199-fbbf4be3ab05,436,2/3/2017 11:48,31.7,33,846.9712,9.2,206,TRUE,android
edc5b2f3-5afa-466d-bbb2-a6c48f9b8a27,b6a2c3be-f7dc-4a3d-96e0-87a30145ff0f,268,7/3/2017 7:49,45.3,37,1251,12.760564,213,FALSE,android
edc5b2f3-5afa-466d-bbb2-a6c48f9b8a27,b6a2c3be-f7dc-4a3d-96e0-87a30145ff0f,266,7/3/2017 7:46,28.3,33,756.12885,12.2,139,TRUE,android
edc5b2f3-5afa-466d-bbb2-a6c48f9b8a27,b6a2c3be-f7dc-4a3d-96e0-87a30145ff0f,257,7/3/2017 7:47,125.5,39,4227.8857,10.3,731,TRUE,android
edc5b2f3-5afa-466d-bbb2-a6c48f9b8a27,b6a2c3be-f7dc-4a3d-96e0-87a30145ff0f,251,7/3/2017 7:48,107.8,38,3506.3748,11,587,TRUE,android
edc5b2f3-5afa-466d-bbb2-a6c48f9b8a27,b6a2c3be-f7dc-4a3d-96e0-87a30145ff0f,239,7/3/2017 7:49,95.1,38,3093.286,11.1,514,TRUE,android
edc5b2f3-5afa-466d-bbb2-a6c48f9b8a27,b6a2c3be-f7dc-4a3d-96e0-87a30145ff0f,24,7/3/2017 7:47,7.1,30,164.95667,12.5,34,TRUE,android
edc5b2f3-5afa-466d-bbb2-a6c48f9b8a27,b6a2c3be-f7dc-4a3d-96e0-87a30145ff0f,1,7/3/2017 7:46,0,0,0,0,0,TRUE,android
43209193-fdca-48aa-9525-53418e9152b2,24202985-9f78-472e-b6b2-147a2ee70cf1,586,1/3/2017 23:55,0.5,27,12,6,5,FALSE,ios
7b183b97-53ab-4d6d-b1d2-cc1e40cef758,92076c8e-cb87-4607-b752-9a32d8530458,154,9/4/2017 18:52,4.4,33,117.56067,8,33,TRUE,android
7b183b97-53ab-4d6d-b1d2-cc1e40cef758,92076c8e-cb87-4607-b752-9a32d8530458,153,9/4/2017 18:52,45.3,32,1157.717,8.5,319,TRUE,android
7b183b97-53ab-4d6d-b1d2-cc1e40cef758,92076c8e-cb87-4607-b752-9a32d8530458,152,6/4/2017 18:50,2.8,29,61.800667,8.4,20,TRUE,android
7b183b97-53ab-4d6d-b1d2-cc1e40cef758,92076c8e-cb87-4607-b752-9a32d8530458,148,5/3/2017 11:22,9.8,35,284.60834,7.9,74,TRUE,android
7b183b97-53ab-4d6d-b1d2-cc1e40cef758,92076c8e-cb87-4607-b752-9a32d8530458,147,5/3/2017 11:23,2,32,51.113335,6.7,17,TRUE,android
7b183b97-53ab-4d6d-b1d2-cc1e40cef758,92076c8e-cb87-4607-b752-9a32d8530458,141,9/4/2017 18:52,1.9,30,44.143333,6.7,17,TRUE,android
7b183b97-53ab-4d6d-b1d2-cc1e40cef758,92076c8e-cb87-4607-b752-9a32d8530458,137,5/3/2017 11:25,2.6,35,75.50833,7.4,21,TRUE,android
7b183b97-53ab-4d6d-b1d2-cc1e40cef758,b2922d5f-9403-4d34-a440-d21f261a80ec,333,1/3/2017 7:29,44.6,30,1036.2067,9.4,284,FALSE,android
7b183b97-53ab-4d6d-b1d2-cc1e40cef758,b2922d5f-9403-4d34-a440-d21f261a80ec,250,14/03/2017 07:28:00,118,34,3289.84,9.1,778,TRUE,android
611e8458-e99d-4320-9835-dd10afbd40ce,f834e9e2-a728-4010-8aa4-85be1ed47751,419,1/3/2017 21:29,24.7,36,746.02234,2.9,511,FALSE,android
611e8458-e99d-4320-9835-dd10afbd40ce,f834e9e2-a728-4010-8aa4-85be1ed47751,418,6/3/2017 22:40,31.1,36,939.32367,3.4,548,TRUE,android
611e8458-e99d-4320-9835-dd10afbd40ce,f834e9e2-a728-4010-8aa4-85be1ed47751,417,6/3/2017 22:41,12,35,348.5,6.3,114,TRUE,android
611e8458-e99d-4320-9835-dd10afbd40ce,f834e9e2-a728-4010-8aa4-85be1ed47751,416,6/3/2017 22:41,34.8,37,1091.502,2.9,720,TRUE,android
611e8458-e99d-4320-9835-dd10afbd40ce,f834e9e2-a728-4010-8aa4-85be1ed47751,415,6/3/2017 22:41,25.6,36,773.2053,4,384,TRUE,android
611e8458-e99d-4320-9835-dd10afbd40ce,f834e9e2-a728-4010-8aa4-85be1ed47751,414,6/3/2017 22:41,36.1,36,1090.3403,2.9,746,TRUE,android
611e8458-e99d-4320-9835-dd10afbd40ce,f834e9e2-a728-4010-8aa4-85be1ed47751,413,8/3/2017 21:43,24.7,34,688.636,4.3,344,TRUE,android
611e8458-e99d-4320-9835-dd10afbd40ce,f834e9e2-a728-4010-8aa4-85be1ed47751,412,8/3/2017 21:43,34.6,37,1085.229,2.8,741,TRUE,android
611e8458-e99d-4320-9835-dd10afbd40ce,f834e9e2-a728-4010-8aa4-85be1ed47751,411,6/3/2017 22:42,27.2,33,726.73865,3.7,441,TRUE,android
611e8458-e99d-4320-9835-dd10afbd40ce,f834e9e2-a728-4010-8aa4-85be1ed47751,409,1/3/2017 21:32,19.1,34,532.508,4.4,260,TRUE,android
611e8458-e99d-4320-9835-dd10afbd40ce,f834e9e2-a728-4010-8aa4-85be1ed47751,407,1/3/2017 21:33,28.2,35,818.975,4.3,393,TRUE,android
611e8458-e99d-4320-9835-dd10afbd40ce,f834e9e2-a728-4010-8aa4-85be1ed47751,406,1/3/2017 21:34,11.4,35,331.075,4.4,155,TRUE,android
611e8458-e99d-4320-9835-dd10afbd40ce,f834e9e2-a728-4010-8aa4-85be1ed47751,400,1/3/2017 21:36,24.7,35,717.32916,4.4,336,TRUE,android
9323047a-a269-4825-aa58-5c318a55c9d4,addfdc8a-338e-4046-8ad8-114186e052b7,294,25/05/2017 19:12:27,1.5,37,38,3.3333333,27,FALSE,android
9323047a-a269-4825-aa58-5c318a55c9d4,addfdc8a-338e-4046-8ad8-114186e052b7,278,5/5/2017 9:15,0.3,23,4,3,6,FALSE,android
9323047a-a269-4825-aa58-5c318a55c9d4,addfdc8a-338e-4046-8ad8-114186e052b7,277,3/5/2017 23:06,20.3,38,660.2913,3.3,369,FALSE,android
9323047a-a269-4825-aa58-5c318a55c9d4,addfdc8a-338e-4046-8ad8-114186e052b7,275,30/04/2017 22:42:27,8.5,38,256,3.4,150,FALSE,android
9323047a-a269-4825-aa58-5c318a55c9d4,addfdc8a-338e-4046-8ad8-114186e052b7,273,29/04/2017 14:21:50,5.8,38,173,3.3142858,105,FALSE,android
9323047a-a269-4825-aa58-5c318a55c9d4,addfdc8a-338e-4046-8ad8-114186e052b7,272,26/04/2017 16:59:53,24.3,38,790.398,4.3,339,FALSE,android
9323047a-a269-4825-aa58-5c318a55c9d4,addfdc8a-338e-4046-8ad8-114186e052b7,271,26/04/2017 16:55:08,24.5,38,796.9033,3.3,445,TRUE,android
9323047a-a269-4825-aa58-5c318a55c9d4,addfdc8a-338e-4046-8ad8-114186e052b7,270,26/04/2017 16:59:03,16.3,38,530.1847,3.3,296,TRUE,android
9323047a-a269-4825-aa58-5c318a55c9d4,addfdc8a-338e-4046-8ad8-114186e052b7,269,26/04/2017 16:55:19,14.9,38,484.64734,3.5,255,TRUE,android
9323047a-a269-4825-aa58-5c318a55c9d4,addfdc8a-338e-4046-8ad8-114186e052b7,268,26/04/2017 16:59:16,55.8,38,1814.988,4.3,778,TRUE,android
9323047a-a269-4825-aa58-5c318a55c9d4,addfdc8a-338e-4046-8ad8-114186e052b7,265,26/04/2017 16:55:40,18.6,37,583.389,3.1,360,TRUE,android
9323047a-a269-4825-aa58-5c318a55c9d4,addfdc8a-338e-4046-8ad8-114186e052b7,263,15/04/2017 13:30:17,9.2,39,296,3.3454545,165,FALSE,android
9323047a-a269-4825-aa58-5c318a55c9d4,addfdc8a-338e-4046-8ad8-114186e052b7,262,13/04/2017 17:05:26,1,35,20,3.3333333,18,FALSE,android
9323047a-a269-4825-aa58-5c318a55c9d4,addfdc8a-338e-4046-8ad8-114186e052b7,261,13/04/2017 17:05:30,21.9,38,712.334,3.2,410,TRUE,android
9323047a-a269-4825-aa58-5c318a55c9d4,addfdc8a-338e-4046-8ad8-114186e052b7,260,9/4/2017 17:12,34,39,1145.4033,3.5,582,FALSE,android
9323047a-a269-4825-aa58-5c318a55c9d4,addfdc8a-338e-4046-8ad8-114186e052b7,257,9/4/2017 17:03,19.4,38,631.01733,3.1,375,TRUE,android
9323047a-a269-4825-aa58-5c318a55c9d4,addfdc8a-338e-4046-8ad8-114186e052b7,256,6/4/2017 18:48,0.8,34,14,3,16,FALSE,android
9323047a-a269-4825-aa58-5c318a55c9d4,addfdc8a-338e-4046-8ad8-114186e052b7,255,9/4/2017 17:04,14.5,38,471.63666,3,290,TRUE,android
9323047a-a269-4825-aa58-5c318a55c9d4,addfdc8a-338e-4046-8ad8-114186e052b7,254,9/4/2017 17:04,24.7,39,832.1018,3.3,449,TRUE,android
9323047a-a269-4825-aa58-5c318a55c9d4,addfdc8a-338e-4046-8ad8-114186e052b7,253,9/4/2017 17:05,23.1,39,778.2005,3.2,433,TRUE,android
9323047a-a269-4825-aa58-5c318a55c9d4,addfdc8a-338e-4046-8ad8-114186e052b7,252,30/03/2017 19:19:16,17.3,38,562.7113,3.3,314,FALSE,android
9323047a-a269-4825-aa58-5c318a55c9d4,addfdc8a-338e-4046-8ad8-114186e052b7,250,25/03/2017 17:57:45,34,38,1105.9066,4.1,497,FALSE,android
9323047a-a269-4825-aa58-5c318a55c9d4,addfdc8a-338e-4046-8ad8-114186e052b7,249,9/4/2017 17:07,4,37,125.46,2.7,88,TRUE,android
9323047a-a269-4825-aa58-5c318a55c9d4,addfdc8a-338e-4046-8ad8-114186e052b7,248,25/03/2017 17:57:29,32.3,38,1050.6113,3.3,587,TRUE,android
9323047a-a269-4825-aa58-5c318a55c9d4,addfdc8a-338e-4046-8ad8-114186e052b7,247,23/03/2017 09:55:34,41.6,39,1401.4347,4.2,594,FALSE,android
9323047a-a269-4825-aa58-5c318a55c9d4,addfdc8a-338e-4046-8ad8-114186e052b7,246,24/03/2017 10:11:16,27.8,39,936.53564,3.3,505,TRUE,android
9323047a-a269-4825-aa58-5c318a55c9d4,addfdc8a-338e-4046-8ad8-114186e052b7,245,25/03/2017 17:51:33,17.9,38,582.22736,3.3,325,TRUE,android
9323047a-a269-4825-aa58-5c318a55c9d4,addfdc8a-338e-4046-8ad8-114186e052b7,244,24/03/2017 10:05:21,30.2,38,982.30536,3,604,TRUE,android
9323047a-a269-4825-aa58-5c318a55c9d4,addfdc8a-338e-4046-8ad8-114186e052b7,243,18/03/2017 18:31:20,40.8,39,1374.484,3,816,FALSE,android
9323047a-a269-4825-aa58-5c318a55c9d4,addfdc8a-338e-4046-8ad8-114186e052b7,242,24/03/2017 10:05:38,20.8,38,676.5547,3.4,367,TRUE,android
9323047a-a269-4825-aa58-5c318a55c9d4,addfdc8a-338e-4046-8ad8-114186e052b7,241,24/03/2017 10:05:48,32.9,38,1070.1273,3.2,616,TRUE,android
9323047a-a269-4825-aa58-5c318a55c9d4,addfdc8a-338e-4046-8ad8-114186e052b7,240,24/03/2017 10:05:57,42.3,39,1425.0165,3.3,769,TRUE,android
9323047a-a269-4825-aa58-5c318a55c9d4,addfdc8a-338e-4046-8ad8-114186e052b7,239,24/03/2017 10:12:26,4.5,35,130.6875,5.1,52,TRUE,android
9323047a-a269-4825-aa58-5c318a55c9d4,addfdc8a-338e-4046-8ad8-114186e052b7,238,25/03/2017 17:52:53,46.3,39,1559.7698,3.6,771,TRUE,android
9323047a-a269-4825-aa58-5c318a55c9d4,addfdc8a-338e-4046-8ad8-114186e052b7,237,24/03/2017 10:12:58,40.3,39,1357.6399,3,805,TRUE,android
9323047a-a269-4825-aa58-5c318a55c9d4,addfdc8a-338e-4046-8ad8-114186e052b7,236,24/03/2017 10:06:36,19.9,39,670.3978,3.4,351,TRUE,android
9323047a-a269-4825-aa58-5c318a55c9d4,addfdc8a-338e-4046-8ad8-114186e052b7,235,24/03/2017 10:06:56,36.2,40,1261.57,3.2,678,TRUE,android
9323047a-a269-4825-aa58-5c318a55c9d4,addfdc8a-338e-4046-8ad8-114186e052b7,234,24/03/2017 10:13:28,22.2,38,722.092,3.2,416,TRUE,android
9323047a-a269-4825-aa58-5c318a55c9d4,addfdc8a-338e-4046-8ad8-114186e052b7,233,24/03/2017 10:07:16,3.2,20,37.173332,4.1,46,TRUE,android
9323047a-a269-4825-aa58-5c318a55c9d4,addfdc8a-338e-4046-8ad8-114186e052b7,232,24/03/2017 10:07:26,30.8,38,1001.82135,3.3,560,TRUE,android
9323047a-a269-4825-aa58-5c318a55c9d4,addfdc8a-338e-4046-8ad8-114186e052b7,230,24/03/2017 10:07:46,27.5,38,894.48334,3,550,TRUE,android
9323047a-a269-4825-aa58-5c318a55c9d4,addfdc8a-338e-4046-8ad8-114186e052b7,229,25/03/2017 17:54:23,45.9,39,1546.2946,3.3,834,TRUE,android
9323047a-a269-4825-aa58-5c318a55c9d4,addfdc8a-338e-4046-8ad8-114186e052b7,228,24/03/2017 10:08:06,25.7,38,835.93536,3.2,481,TRUE,android
9323047a-a269-4825-aa58-5c318a55c9d4,addfdc8a-338e-4046-8ad8-114186e052b7,227,24/03/2017 10:08:16,19.5,38,634.27,3.2,365,TRUE,android
9323047a-a269-4825-aa58-5c318a55c9d4,addfdc8a-338e-4046-8ad8-114186e052b7,226,24/03/2017 10:08:26,22.8,38,741.608,3.4,402,TRUE,android
9323047a-a269-4825-aa58-5c318a55c9d4,addfdc8a-338e-4046-8ad8-114186e052b7,225,24/03/2017 10:08:36,23,38,748.11334,3,460,TRUE,android
9323047a-a269-4825-aa58-5c318a55c9d4,addfdc8a-338e-4046-8ad8-114186e052b7,224,24/03/2017 10:08:56,24.5,38,796.9033,3.4,432,TRUE,android
9323047a-a269-4825-aa58-5c318a55c9d4,addfdc8a-338e-4046-8ad8-114186e052b7,223,24/03/2017 10:09:06,32.6,38,1060.3694,3.3,592,TRUE,android
9323047a-a269-4825-aa58-5c318a55c9d4,addfdc8a-338e-4046-8ad8-114186e052b7,221,24/03/2017 10:09:26,17.4,38,565.964,3.6,290,TRUE,android
9323047a-a269-4825-aa58-5c318a55c9d4,addfdc8a-338e-4046-8ad8-114186e052b7,220,24/03/2017 10:09:36,11.3,37,354.4245,3.2,211,TRUE,android
9323047a-a269-4825-aa58-5c318a55c9d4,addfdc8a-338e-4046-8ad8-114186e052b7,219,24/03/2017 10:09:46,25.9,38,842.4407,3.4,457,TRUE,android
9323047a-a269-4825-aa58-5c318a55c9d4,addfdc8a-338e-4046-8ad8-114186e052b7,217,24/03/2017 10:10:06,25.2,38,819.672,3.3,458,TRUE,android
9323047a-a269-4825-aa58-5c318a55c9d4,addfdc8a-338e-4046-8ad8-114186e052b7,216,24/03/2017 10:10:16,17.7,39,596.2835,3.4,312,TRUE,android
9323047a-a269-4825-aa58-5c318a55c9d4,addfdc8a-338e-4046-8ad8-114186e052b7,215,25/03/2017 17:57:08,16.4,38,533.4373,3.2,307,TRUE,android
9323047a-a269-4825-aa58-5c318a55c9d4,addfdc8a-338e-4046-8ad8-114186e052b7,214,24/03/2017 10:10:36,28.5,39,960.1175,4.5,380,TRUE,android
9323047a-a269-4825-aa58-5c318a55c9d4,addfdc8a-338e-4046-8ad8-114186e052b7,212,24/03/2017 10:11:06,42.1,40,1467.185,3.1,814,TRUE,android
9323047a-a269-4825-aa58-5c318a55c9d4,addfdc8a-338e-4046-8ad8-114186e052b7,41,25/03/2017 17:51:26,12.3,38,400.078,3.5,210,TRUE,android
9323047a-a269-4825-aa58-5c318a55c9d4,addfdc8a-338e-4046-8ad8-114186e052b7,40,25/03/2017 17:51:26,10.6,38,344.78265,3.8,167,TRUE,android
9323047a-a269-4825-aa58-5c318a55c9d4,addfdc8a-338e-4046-8ad8-114186e052b7,31,25/03/2017 17:50:46,5.4,39,181.917,4.1,79,TRUE,android
9323047a-a269-4825-aa58-5c318a55c9d4,addfdc8a-338e-4046-8ad8-114186e052b7,30,25/03/2017 17:50:46,22.2,38,722.092,3.2,416,TRUE,android
9323047a-a269-4825-aa58-5c318a55c9d4,addfdc8a-338e-4046-8ad8-114186e052b7,29,25/03/2017 17:50:46,17.3,37,542.6145,3.3,314,TRUE,android
9323047a-a269-4825-aa58-5c318a55c9d4,addfdc8a-338e-4046-8ad8-114186e052b7,28,25/03/2017 17:50:46,5.9,36,178.19966,3.4,104,TRUE,android
9323047a-a269-4825-aa58-5c318a55c9d4,addfdc8a-338e-4046-8ad8-114186e052b7,27,25/03/2017 17:50:46,11.9,37,373.2435,3.3,216,TRUE,android
9323047a-a269-4825-aa58-5c318a55c9d4,addfdc8a-338e-4046-8ad8-114186e052b7,26,25/03/2017 17:50:46,10.7,37,335.6055,3.2,200,TRUE,android
9323047a-a269-4825-aa58-5c318a55c9d4,addfdc8a-338e-4046-8ad8-114186e052b7,25,25/03/2017 17:50:46,15.7,37,492.4305,3.3,285,TRUE,android
9323047a-a269-4825-aa58-5c318a55c9d4,addfdc8a-338e-4046-8ad8-114186e052b7,24,25/03/2017 17:50:46,15.4,38,500.91068,3.2,288,TRUE,android
9323047a-a269-4825-aa58-5c318a55c9d4,addfdc8a-338e-4046-8ad8-114186e052b7,22,23/03/2017 09:55:41,19.6,38,637.52264,3.2,367,TRUE,android
9323047a-a269-4825-aa58-5c318a55c9d4,addfdc8a-338e-4046-8ad8-114186e052b7,21,23/03/2017 09:55:41,11.5,37,360.6975,2.5,276,TRUE,android
9323047a-a269-4825-aa58-5c318a55c9d4,addfdc8a-338e-4046-8ad8-114186e052b7,20,23/03/2017 09:55:41,11.8,37,370.107,2.5,283,TRUE,android
9323047a-a269-4825-aa58-5c318a55c9d4,addfdc8a-338e-4046-8ad8-114186e052b7,19,23/03/2017 09:55:41,14.3,37,448.5195,3.3,260,TRUE,android
9323047a-a269-4825-aa58-5c318a55c9d4,addfdc8a-338e-4046-8ad8-114186e052b7,18,23/03/2017 09:55:41,14.9,38,484.64734,3.2,279,TRUE,android
9323047a-a269-4825-aa58-5c318a55c9d4,addfdc8a-338e-4046-8ad8-114186e052b7,17,23/03/2017 09:55:41,12.5,37,392.0625,3.1,241,TRUE,android
9323047a-a269-4825-aa58-5c318a55c9d4,addfdc8a-338e-4046-8ad8-114186e052b7,16,23/03/2017 09:55:41,11.6,37,363.834,3.1,224,TRUE,android
9323047a-a269-4825-aa58-5c318a55c9d4,addfdc8a-338e-4046-8ad8-114186e052b7,15,23/03/2017 09:55:41,13.8,37,432.837,2.8,295,TRUE,android
9323047a-a269-4825-aa58-5c318a55c9d4,addfdc8a-338e-4046-8ad8-114186e052b7,14,23/03/2017 09:55:41,13.1,37,410.8815,2.6,302,TRUE,android
9323047a-a269-4825-aa58-5c318a55c9d4,addfdc8a-338e-4046-8ad8-114186e052b7,13,24/03/2017 10:05:00,18.9,37,592.7985,3.2,354,TRUE,android
dbfdf82d-2eb8-45db-b342-f9a1e2a3515e,545cd84e-8628-4581-ac6f-a2ff99f35314,800,1/3/2017 6:44,1.4,19,14,4.9411764,17,FALSE,ios
dbfdf82d-2eb8-45db-b342-f9a1e2a3515e,545cd84e-8628-4581-ac6f-a2ff99f35314,799,1/3/2017 6:44,62.5,38,2032.9166,8.2,457,TRUE,ios
dbfdf82d-2eb8-45db-b342-f9a1e2a3515e,4d803ea8-26ee-4f46-90a1-bb9785d4c3d2,494,10/6/2017 20:18,7.6,39,214,7.6,60,FALSE,ios
dbfdf82d-2eb8-45db-b342-f9a1e2a3515e,4d803ea8-26ee-4f46-90a1-bb9785d4c3d2,490,10/6/2017 20:17,69,43,2645.115,9.1,454,TRUE,ios
dbfdf82d-2eb8-45db-b342-f9a1e2a3515e,4d803ea8-26ee-4f46-90a1-bb9785d4c3d2,489,10/6/2017 20:18,65.6,43,2514.776,9.1,432,TRUE,ios
dbfdf82d-2eb8-45db-b342-f9a1e2a3515e,4d803ea8-26ee-4f46-90a1-bb9785d4c3d2,488,10/6/2017 20:18,15.3,39,515.4315,9.6,95,TRUE,ios
dbfdf82d-2eb8-45db-b342-f9a1e2a3515e,4d803ea8-26ee-4f46-90a1-bb9785d4c3d2,487,10/6/2017 20:18,137.8,41,4962.4077,9.1,908,TRUE,ios
dbfdf82d-2eb8-45db-b342-f9a1e2a3515e,4d803ea8-26ee-4f46-90a1-bb9785d4c3d2,449,2/5/2017 20:15,51.1,42,1798,8.111111,378,FALSE,ios
dbfdf82d-2eb8-45db-b342-f9a1e2a3515e,4d803ea8-26ee-4f46-90a1-bb9785d4c3d2,435,21/04/2017 19:24:13,35.2,42,1224,7.93985,266,FALSE,ios
dbfdf82d-2eb8-45db-b342-f9a1e2a3515e,4d803ea8-26ee-4f46-90a1-bb9785d4c3d2,432,19/04/2017 19:54:01,34.9,40,1194,7.8721805,266,FALSE,ios
dbfdf82d-2eb8-45db-b342-f9a1e2a3515e,4d803ea8-26ee-4f46-90a1-bb9785d4c3d2,425,15/04/2017 20:14:05,25.3,42,921,5.861004,259,FALSE,ios
dbfdf82d-2eb8-45db-b342-f9a1e2a3515e,4d803ea8-26ee-4f46-90a1-bb9785d4c3d2,424,15/04/2017 20:10:00,97,41,3493.1316,7.9,736,TRUE,ios
dbfdf82d-2eb8-45db-b342-f9a1e2a3515e,4d803ea8-26ee-4f46-90a1-bb9785d4c3d2,423,15/04/2017 20:10:06,29.9,40,1042.015,6.7,267,TRUE,ios
dbfdf82d-2eb8-45db-b342-f9a1e2a3515e,4d803ea8-26ee-4f46-90a1-bb9785d4c3d2,422,15/04/2017 20:10:12,34.7,39,1168.9851,7.2,289,TRUE,ios
dbfdf82d-2eb8-45db-b342-f9a1e2a3515e,4d803ea8-26ee-4f46-90a1-bb9785d4c3d2,421,15/04/2017 20:10:17,62,41,2232.7234,7.2,516,TRUE,ios
dbfdf82d-2eb8-45db-b342-f9a1e2a3515e,4d803ea8-26ee-4f46-90a1-bb9785d4c3d2,420,15/04/2017 20:10:23,71.1,41,2560.4294,6.7,636,TRUE,ios
dbfdf82d-2eb8-45db-b342-f9a1e2a3515e,4d803ea8-26ee-4f46-90a1-bb9785d4c3d2,417,15/04/2017 20:10:40,77.3,41,2783.702,7,662,TRUE,ios
dbfdf82d-2eb8-45db-b342-f9a1e2a3515e,4d803ea8-26ee-4f46-90a1-bb9785d4c3d2,416,15/04/2017 20:10:46,51.9,40,1808.715,6.8,457,TRUE,ios
dbfdf82d-2eb8-45db-b342-f9a1e2a3515e,4d803ea8-26ee-4f46-90a1-bb9785d4c3d2,415,7/4/2017 20:04,22.9,40,798.065,6.2,221,FALSE,ios
dbfdf82d-2eb8-45db-b342-f9a1e2a3515e,4d803ea8-26ee-4f46-90a1-bb9785d4c3d2,414,15/04/2017 20:10:57,75.2,39,2533.3625,6.9,653,TRUE,ios
dbfdf82d-2eb8-45db-b342-f9a1e2a3515e,4d803ea8-26ee-4f46-90a1-bb9785d4c3d2,413,15/04/2017 20:11:09,99.3,40,3460.605,7.7,773,TRUE,ios
dbfdf82d-2eb8-45db-b342-f9a1e2a3515e,4d803ea8-26ee-4f46-90a1-bb9785d4c3d2,412,15/04/2017 20:11:15,82.9,40,2889.065,7.6,654,TRUE,ios
dbfdf82d-2eb8-45db-b342-f9a1e2a3515e,4d803ea8-26ee-4f46-90a1-bb9785d4c3d2,411,5/4/2017 19:59,57.1,40,1989.935,7.1,482,FALSE,ios
dbfdf82d-2eb8-45db-b342-f9a1e2a3515e,4d803ea8-26ee-4f46-90a1-bb9785d4c3d2,410,19/04/2017 19:53:36,19.4,39,653.55365,6.4,181,TRUE,ios
dbfdf82d-2eb8-45db-b342-f9a1e2a3515e,4d803ea8-26ee-4f46-90a1-bb9785d4c3d2,409,5/4/2017 19:58,85.6,40,2983.16,7.3,703,TRUE,ios
dbfdf82d-2eb8-45db-b342-f9a1e2a3515e,4d803ea8-26ee-4f46-90a1-bb9785d4c3d2,408,5/4/2017 19:58,117.3,41,4224.1685,7.6,926,TRUE,ios
dbfdf82d-2eb8-45db-b342-f9a1e2a3515e,4d803ea8-26ee-4f46-90a1-bb9785d4c3d2,407,5/4/2017 19:58,46.4,40,1617.04,7.3,381,TRUE,ios
dbfdf82d-2eb8-45db-b342-f9a1e2a3515e,4d803ea8-26ee-4f46-90a1-bb9785d4c3d2,406,5/4/2017 19:59,136.6,42,5077.8774,7,1170,TRUE,ios
dbfdf82d-2eb8-45db-b342-f9a1e2a3515e,4d803ea8-26ee-4f46-90a1-bb9785d4c3d2,405,5/4/2017 19:59,81.7,40,2847.245,7,700,TRUE,ios
dbfdf82d-2eb8-45db-b342-f9a1e2a3515e,4d803ea8-26ee-4f46-90a1-bb9785d4c3d2,404,29/03/2017 20:31:33,57.2,39,1888,6.7559056,508,FALSE,ios
dbfdf82d-2eb8-45db-b342-f9a1e2a3515e,4d803ea8-26ee-4f46-90a1-bb9785d4c3d2,403,29/03/2017 20:28:07,65.5,40,2282.675,7.3,538,TRUE,ios
dbfdf82d-2eb8-45db-b342-f9a1e2a3515e,4d803ea8-26ee-4f46-90a1-bb9785d4c3d2,402,27/03/2017 20:16:23,76.7,39,2583.8953,6.2,742,FALSE,ios
dbfdf82d-2eb8-45db-b342-f9a1e2a3515e,4d803ea8-26ee-4f46-90a1-bb9785d4c3d2,401,29/03/2017 20:28:18,25.8,39,869.159,7.8,198,TRUE,ios
dbfdf82d-2eb8-45db-b342-f9a1e2a3515e,4d803ea8-26ee-4f46-90a1-bb9785d4c3d2,400,15/04/2017 20:13:41,2.2,20,25.556667,6.9,19,TRUE,ios
dbfdf82d-2eb8-45db-b342-f9a1e2a3515e,4d803ea8-26ee-4f46-90a1-bb9785d4c3d2,399,27/03/2017 20:16:43,42.2,39,1421.6477,7.1,356,TRUE,ios
dbfdf82d-2eb8-45db-b342-f9a1e2a3515e,4d803ea8-26ee-4f46-90a1-bb9785d4c3d2,398,27/03/2017 20:16:55,88.3,38,2872.1047,7.4,715,TRUE,ios
dbfdf82d-2eb8-45db-b342-f9a1e2a3515e,4d803ea8-26ee-4f46-90a1-bb9785d4c3d2,397,27/03/2017 20:17:07,59.9,40,2087.515,7.2,499,TRUE,ios
dbfdf82d-2eb8-45db-b342-f9a1e2a3515e,4d803ea8-26ee-4f46-90a1-bb9785d4c3d2,396,27/03/2017 20:17:20,56.3,40,1962.055,7,482,TRUE,ios
dbfdf82d-2eb8-45db-b342-f9a1e2a3515e,4d803ea8-26ee-4f46-90a1-bb9785d4c3d2,395,27/03/2017 20:17:32,72.4,41,2607.2446,7.3,595,TRUE,ios
dbfdf82d-2eb8-45db-b342-f9a1e2a3515e,4d803ea8-26ee-4f46-90a1-bb9785d4c3d2,394,27/03/2017 20:17:45,30.8,41,1109.1593,6.9,267,TRUE,ios
dbfdf82d-2eb8-45db-b342-f9a1e2a3515e,4d803ea8-26ee-4f46-90a1-bb9785d4c3d2,393,22/03/2017 19:31:31,52.9,41,1905.0172,6.9,459,FALSE,ios
dbfdf82d-2eb8-45db-b342-f9a1e2a3515e,4d803ea8-26ee-4f46-90a1-bb9785d4c3d2,392,27/03/2017 20:18:10,48.1,39,1620.4088,7.6,379,TRUE,ios
dbfdf82d-2eb8-45db-b342-f9a1e2a3515e,4d803ea8-26ee-4f46-90a1-bb9785d4c3d2,391,27/03/2017 20:18:22,51.4,39,1731.5803,7.6,405,TRUE,ios
dbfdf82d-2eb8-45db-b342-f9a1e2a3515e,4d803ea8-26ee-4f46-90a1-bb9785d4c3d2,390,29/03/2017 20:25:49,135,39,4547.925,7.7,1051,TRUE,ios
dbfdf82d-2eb8-45db-b342-f9a1e2a3515e,4d803ea8-26ee-4f46-90a1-bb9785d4c3d2,389,29/03/2017 20:25:55,23.7,41,853.4765,6.9,206,TRUE,ios
dbfdf82d-2eb8-45db-b342-f9a1e2a3515e,4d803ea8-26ee-4f46-90a1-bb9785d4c3d2,388,29/03/2017 20:29:38,30.6,41,1101.957,7.4,248,TRUE,ios
dbfdf82d-2eb8-45db-b342-f9a1e2a3515e,4d803ea8-26ee-4f46-90a1-bb9785d4c3d2,387,29/03/2017 20:26:06,43.2,38,1405.152,7.2,360,TRUE,ios
dbfdf82d-2eb8-45db-b342-f9a1e2a3515e,4d803ea8-26ee-4f46-90a1-bb9785d4c3d2,386,29/03/2017 20:26:12,116.8,40,4070.48,6.9,1015,TRUE,ios
dbfdf82d-2eb8-45db-b342-f9a1e2a3515e,4d803ea8-26ee-4f46-90a1-bb9785d4c3d2,385,29/03/2017 20:29:56,60.5,38,1967.8633,7.4,490,TRUE,ios
dbfdf82d-2eb8-45db-b342-f9a1e2a3515e,4d803ea8-26ee-4f46-90a1-bb9785d4c3d2,384,29/03/2017 20:30:01,120.8,39,4069.5508,7.9,917,TRUE,ios
dbfdf82d-2eb8-45db-b342-f9a1e2a3515e,4d803ea8-26ee-4f46-90a1-bb9785d4c3d2,383,29/03/2017 20:26:29,30.1,41,1083.9512,7.1,254,TRUE,ios
dbfdf82d-2eb8-45db-b342-f9a1e2a3515e,4d803ea8-26ee-4f46-90a1-bb9785d4c3d2,382,29/03/2017 20:26:35,88.3,39,2974.68,7.8,679,TRUE,ios
dbfdf82d-2eb8-45db-b342-f9a1e2a3515e,4d803ea8-26ee-4f46-90a1-bb9785d4c3d2,381,29/03/2017 20:26:46,37.2,37,1166.778,6.9,323,TRUE,ios
dbfdf82d-2eb8-45db-b342-f9a1e2a3515e,4d803ea8-26ee-4f46-90a1-bb9785d4c3d2,380,29/03/2017 20:26:52,58.3,38,1896.3047,7.2,485,TRUE,ios
dbfdf82d-2eb8-45db-b342-f9a1e2a3515e,4d803ea8-26ee-4f46-90a1-bb9785d4c3d2,379,29/03/2017 20:26:58,13.3,16,92.701,9.6,83,TRUE,ios
dbfdf82d-2eb8-45db-b342-f9a1e2a3515e,4d803ea8-26ee-4f46-90a1-bb9785d4c3d2,378,29/03/2017 20:27:04,32.8,40,1143.08,7.2,273,TRUE,ios
dbfdf82d-2eb8-45db-b342-f9a1e2a3515e,4d803ea8-26ee-4f46-90a1-bb9785d4c3d2,377,29/03/2017 20:27:09,76.8,41,2765.696,7,658,TRUE,ios
dbfdf82d-2eb8-45db-b342-f9a1e2a3515e,4d803ea8-26ee-4f46-90a1-bb9785d4c3d2,376,29/03/2017 20:27:15,56.6,42,2104.0107,7.1,478,TRUE,ios
dbfdf82d-2eb8-45db-b342-f9a1e2a3515e,4d803ea8-26ee-4f46-90a1-bb9785d4c3d2,375,29/03/2017 20:30:59,38,40,1324.3,7.9,288,TRUE,ios
dbfdf82d-2eb8-45db-b342-f9a1e2a3515e,4d803ea8-26ee-4f46-90a1-bb9785d4c3d2,373,29/03/2017 20:27:32,64.8,37,2032.452,8.3,468,TRUE,ios
dbfdf82d-2eb8-45db-b342-f9a1e2a3515e,4d803ea8-26ee-4f46-90a1-bb9785d4c3d2,372,29/03/2017 20:27:38,78.8,41,2837.7192,7,675,TRUE,ios
dbfdf82d-2eb8-45db-b342-f9a1e2a3515e,4d803ea8-26ee-4f46-90a1-bb9785d4c3d2,371,29/03/2017 20:27:44,41.4,39,1394.697,7.4,335,TRUE,ios
dbfdf82d-2eb8-45db-b342-f9a1e2a3515e,4d803ea8-26ee-4f46-90a1-bb9785d4c3d2,370,29/03/2017 20:27:55,54.1,39,1822.5388,7.5,432,TRUE,ios
dbfdf82d-2eb8-45db-b342-f9a1e2a3515e,4d803ea8-26ee-4f46-90a1-bb9785d4c3d2,369,29/03/2017 20:28:01,46.8,38,1522.248,7.7,364,TRUE,ios
dbfdf82d-2eb8-45db-b342-f9a1e2a3515e,4d803ea8-26ee-4f46-90a1-bb9785d4c3d2,365,22/03/2017 19:29:51,32,39,1078.0266,7.4,259,TRUE,ios
dbfdf82d-2eb8-45db-b342-f9a1e2a3515e,4d803ea8-26ee-4f46-90a1-bb9785d4c3d2,364,22/03/2017 19:30:04,71.3,39,2401.9783,7.5,570,TRUE,ios
dbfdf82d-2eb8-45db-b342-f9a1e2a3515e,4d803ea8-26ee-4f46-90a1-bb9785d4c3d2,363,22/03/2017 19:30:16,60.1,40,2094.485,6.9,522,TRUE,ios
dbfdf82d-2eb8-45db-b342-f9a1e2a3515e,4d803ea8-26ee-4f46-90a1-bb9785d4c3d2,361,22/03/2017 19:30:48,26.6,41,957.91034,6.9,231,TRUE,ios
dbfdf82d-2eb8-45db-b342-f9a1e2a3515e,4d803ea8-26ee-4f46-90a1-bb9785d4c3d2,360,22/03/2017 19:31:01,55.2,40,1923.72,7.2,460,TRUE,ios
dbfdf82d-2eb8-45db-b342-f9a1e2a3515e,4d803ea8-26ee-4f46-90a1-bb9785d4c3d2,359,22/03/2017 19:31:26,4.4,17,35.779335,7.3,36,TRUE,ios
dbfdf82d-2eb8-45db-b342-f9a1e2a3515e,4d803ea8-26ee-4f46-90a1-bb9785d4c3d2,217,19/04/2017 19:52:53,52,40,1812.2,9,346,TRUE,ios
dbfdf82d-2eb8-45db-b342-f9a1e2a3515e,4d803ea8-26ee-4f46-90a1-bb9785d4c3d2,215,15/04/2017 20:09:55,69.1,41,2488.4062,8.7,476,TRUE,ios
dbfdf82d-2eb8-45db-b342-f9a1e2a3515e,4d803ea8-26ee-4f46-90a1-bb9785d4c3d2,213,29/03/2017 20:25:28,125.2,41,4508.6606,8.4,894,TRUE,ios
dbfdf82d-2eb8-45db-b342-f9a1e2a3515e,4d803ea8-26ee-4f46-90a1-bb9785d4c3d2,212,29/03/2017 20:25:28,47.1,42,1750.864,8.2,344,TRUE,ios
3dfa28c7-1e5f-45aa-b451-972e6bbcbf48,1d450e48-24aa-41a4-b36e-92a42b4376f1,434,12/5/2017 8:03,21.2,34,591.056,9.5,133,TRUE,ios
3dfa28c7-1e5f-45aa-b451-972e6bbcbf48,1d450e48-24aa-41a4-b36e-92a42b4376f1,433,12/5/2017 8:03,54.7,37,1715.6655,9,364,TRUE,ios
3dfa28c7-1e5f-45aa-b451-972e6bbcbf48,1d450e48-24aa-41a4-b36e-92a42b4376f1,432,12/5/2017 8:03,29,34,808.52,9.2,189,TRUE,ios
3dfa28c7-1e5f-45aa-b451-972e6bbcbf48,1d450e48-24aa-41a4-b36e-92a42b4376f1,431,12/5/2017 8:03,5.3,20,61.568333,9.4,33,TRUE,ios
3dfa28c7-1e5f-45aa-b451-972e6bbcbf48,1d450e48-24aa-41a4-b36e-92a42b4376f1,430,12/5/2017 8:03,26.4,35,766.7,8.8,180,TRUE,ios
3dfa28c7-1e5f-45aa-b451-972e6bbcbf48,1d450e48-24aa-41a4-b36e-92a42b4376f1,429,12/5/2017 8:03,64.2,36,1939.054,9.3,414,TRUE,ios
3dfa28c7-1e5f-45aa-b451-972e6bbcbf48,1d450e48-24aa-41a4-b36e-92a42b4376f1,428,12/5/2017 8:03,28.7,35,833.49585,10.1,170,TRUE,ios
3dfa28c7-1e5f-45aa-b451-972e6bbcbf48,1d450e48-24aa-41a4-b36e-92a42b4376f1,427,12/5/2017 8:03,9.4,35,272.99167,8.2,68,TRUE,ios
3dfa28c7-1e5f-45aa-b451-972e6bbcbf48,1d450e48-24aa-41a4-b36e-92a42b4376f1,426,12/5/2017 8:03,29.9,35,868.3458,7.3,245,TRUE,ios
3dfa28c7-1e5f-45aa-b451-972e6bbcbf48,1d450e48-24aa-41a4-b36e-92a42b4376f1,425,12/5/2017 8:03,56.5,37,1772.1226,8.8,385,TRUE,ios
3dfa28c7-1e5f-45aa-b451-972e6bbcbf48,1d450e48-24aa-41a4-b36e-92a42b4376f1,424,12/5/2017 8:03,27.4,34,763.912,9.5,173,TRUE,ios
3dfa28c7-1e5f-45aa-b451-972e6bbcbf48,1d450e48-24aa-41a4-b36e-92a42b4376f1,423,12/5/2017 8:03,3.4,21,43.446335,10.2,20,TRUE,ios
3dfa28c7-1e5f-45aa-b451-972e6bbcbf48,1d450e48-24aa-41a4-b36e-92a42b4376f1,422,12/5/2017 8:03,2.3,20,26.718334,9.9,13,TRUE,ios
3dfa28c7-1e5f-45aa-b451-972e6bbcbf48,1d450e48-24aa-41a4-b36e-92a42b4376f1,421,12/5/2017 8:03,25.2,36,761.124,8.8,171,TRUE,ios
3dfa28c7-1e5f-45aa-b451-972e6bbcbf48,1d450e48-24aa-41a4-b36e-92a42b4376f1,420,12/5/2017 8:03,65.3,36,1972.2777,9.4,416,TRUE,ios
3dfa28c7-1e5f-45aa-b451-972e6bbcbf48,1d450e48-24aa-41a4-b36e-92a42b4376f1,419,12/5/2017 8:03,15.2,35,441.43332,8.8,103,TRUE,ios
3dfa28c7-1e5f-45aa-b451-972e6bbcbf48,1d450e48-24aa-41a4-b36e-92a42b4376f1,418,12/5/2017 8:03,24.7,35,717.32916,9.3,159,TRUE,ios
3dfa28c7-1e5f-45aa-b451-972e6bbcbf48,1d450e48-24aa-41a4-b36e-92a42b4376f1,406,7/4/2017 8:42,5.8,21,74.114334,8.3,41,TRUE,ios
0860fc3b-1fdd-4a3b-a67f-e91b802326be,489d2d97-4948-415d-b42b-ca3094c702af,715,27/04/2017 13:15:57,15.4,27,355,3.866109,239,FALSE,ios
0860fc3b-1fdd-4a3b-a67f-e91b802326be,489d2d97-4948-415d-b42b-ca3094c702af,713,27/04/2017 13:12:33,20.7,36,625.209,6.6,188,TRUE,ios
0860fc3b-1fdd-4a3b-a67f-e91b802326be,489d2d97-4948-415d-b42b-ca3094c702af,711,27/04/2017 13:12:44,16.5,36,498.355,6.4,154,TRUE,ios
0860fc3b-1fdd-4a3b-a67f-e91b802326be,489d2d97-4948-415d-b42b-ca3094c702af,710,27/04/2017 13:12:49,16,30,371.73334,5.9,162,TRUE,ios
0860fc3b-1fdd-4a3b-a67f-e91b802326be,489d2d97-4948-415d-b42b-ca3094c702af,709,27/04/2017 13:12:54,13.7,35,397.87082,5.6,146,TRUE,ios
0860fc3b-1fdd-4a3b-a67f-e91b802326be,489d2d97-4948-415d-b42b-ca3094c702af,708,27/04/2017 13:13:00,18.7,35,543.07916,5.8,193,TRUE,ios
0860fc3b-1fdd-4a3b-a67f-e91b802326be,489d2d97-4948-415d-b42b-ca3094c702af,707,27/04/2017 13:13:06,33.8,37,1060.137,5.8,349,TRUE,ios
0860fc3b-1fdd-4a3b-a67f-e91b802326be,489d2d97-4948-415d-b42b-ca3094c702af,706,27/04/2017 13:13:12,22.1,36,667.49365,6,221,TRUE,ios
0860fc3b-1fdd-4a3b-a67f-e91b802326be,489d2d97-4948-415d-b42b-ca3094c702af,704,27/04/2017 13:13:24,22.8,36,688.636,5.7,240,TRUE,ios
0860fc3b-1fdd-4a3b-a67f-e91b802326be,489d2d97-4948-415d-b42b-ca3094c702af,703,27/04/2017 13:13:35,1.6,36,48.325333,5.6,17,TRUE,ios
0860fc3b-1fdd-4a3b-a67f-e91b802326be,489d2d97-4948-415d-b42b-ca3094c702af,702,27/04/2017 13:13:40,23.6,36,712.79865,6.1,232,TRUE,ios
0860fc3b-1fdd-4a3b-a67f-e91b802326be,489d2d97-4948-415d-b42b-ca3094c702af,701,27/04/2017 13:13:45,31.2,37,978.588,6.2,301,TRUE,ios
0860fc3b-1fdd-4a3b-a67f-e91b802326be,489d2d97-4948-415d-b42b-ca3094c702af,700,27/04/2017 13:13:51,1.9,35,55.179165,6.7,17,TRUE,ios
0860fc3b-1fdd-4a3b-a67f-e91b802326be,489d2d97-4948-415d-b42b-ca3094c702af,698,27/04/2017 13:14:02,16.9,37,530.0685,6.4,158,TRUE,ios
0860fc3b-1fdd-4a3b-a67f-e91b802326be,489d2d97-4948-415d-b42b-ca3094c702af,696,27/04/2017 13:14:15,64.1,38,2084.9592,5.9,651,TRUE,ios
0860fc3b-1fdd-4a3b-a67f-e91b802326be,489d2d97-4948-415d-b42b-ca3094c702af,695,27/04/2017 13:14:24,30.2,37,947.223,6.1,297,TRUE,ios
0860fc3b-1fdd-4a3b-a67f-e91b802326be,489d2d97-4948-415d-b42b-ca3094c702af,694,27/04/2017 13:14:30,6,31,146.37,5.5,65,TRUE,ios
0860fc3b-1fdd-4a3b-a67f-e91b802326be,489d2d97-4948-415d-b42b-ca3094c702af,693,27/04/2017 13:14:37,2.2,27,43.446335,5.5,24,TRUE,ios
0860fc3b-1fdd-4a3b-a67f-e91b802326be,489d2d97-4948-415d-b42b-ca3094c702af,692,27/04/2017 13:14:51,4.7,20,54.59833,6.6,42,TRUE,ios
0860fc3b-1fdd-4a3b-a67f-e91b802326be,489d2d97-4948-415d-b42b-ca3094c702af,691,27/04/2017 13:15:56,1.7,34,47.396,6,17,TRUE,ios
0860fc3b-1fdd-4a3b-a67f-e91b802326be,489d2d97-4948-415d-b42b-ca3094c702af,651,15/03/2017 20:50:02,19.6,38,604,4.962025,237,FALSE,ios
0860fc3b-1fdd-4a3b-a67f-e91b802326be,489d2d97-4948-415d-b42b-ca3094c702af,650,15/03/2017 20:46:30,22.3,37,699.4395,5.8,230,TRUE,ios
0860fc3b-1fdd-4a3b-a67f-e91b802326be,489d2d97-4948-415d-b42b-ca3094c702af,648,15/03/2017 20:46:48,16.8,36,507.416,5.7,176,TRUE,ios
0860fc3b-1fdd-4a3b-a67f-e91b802326be,489d2d97-4948-415d-b42b-ca3094c702af,647,15/03/2017 20:46:55,1.5,36,45.305,5.6,16,TRUE,ios
0860fc3b-1fdd-4a3b-a67f-e91b802326be,489d2d97-4948-415d-b42b-ca3094c702af,646,15/03/2017 20:47:00,21.6,36,652.392,5.6,231,TRUE,ios
0860fc3b-1fdd-4a3b-a67f-e91b802326be,489d2d97-4948-415d-b42b-ca3094c702af,645,15/03/2017 20:47:06,1.7,37,53.3205,5.4,18,TRUE,ios
0860fc3b-1fdd-4a3b-a67f-e91b802326be,489d2d97-4948-415d-b42b-ca3094c702af,644,15/03/2017 20:47:12,37.8,38,1229.508,5.6,405,TRUE,ios
0860fc3b-1fdd-4a3b-a67f-e91b802326be,489d2d97-4948-415d-b42b-ca3094c702af,643,15/03/2017 20:47:18,1.8,37,56.457,6.4,16,TRUE,ios
0860fc3b-1fdd-4a3b-a67f-e91b802326be,489d2d97-4948-415d-b42b-ca3094c702af,640,15/03/2017 20:47:35,19.9,37,624.1635,5.7,209,TRUE,ios
0860fc3b-1fdd-4a3b-a67f-e91b802326be,489d2d97-4948-415d-b42b-ca3094c702af,639,15/03/2017 20:47:47,46.4,38,1509.2373,5.6,497,TRUE,ios
0860fc3b-1fdd-4a3b-a67f-e91b802326be,489d2d97-4948-415d-b42b-ca3094c702af,638,15/03/2017 20:47:52,5,36,151.01666,6.3,47,TRUE,ios
0860fc3b-1fdd-4a3b-a67f-e91b802326be,489d2d97-4948-415d-b42b-ca3094c702af,637,15/03/2017 20:47:58,22.5,37,705.7125,6.3,214,TRUE,ios
0860fc3b-1fdd-4a3b-a67f-e91b802326be,489d2d97-4948-415d-b42b-ca3094c702af,636,15/03/2017 20:48:04,3.5,19,36.5925,4.7,44,TRUE,ios
0860fc3b-1fdd-4a3b-a67f-e91b802326be,489d2d97-4948-415d-b42b-ca3094c702af,635,15/03/2017 20:48:10,26.3,38,855.45135,5.8,272,TRUE,ios
0860fc3b-1fdd-4a3b-a67f-e91b802326be,489d2d97-4948-415d-b42b-ca3094c702af,634,15/03/2017 20:48:15,1.5,36,45.305,6,15,TRUE,ios
0860fc3b-1fdd-4a3b-a67f-e91b802326be,489d2d97-4948-415d-b42b-ca3094c702af,633,15/03/2017 20:48:21,30.8,37,966.042,6.6,280,TRUE,ios
0860fc3b-1fdd-4a3b-a67f-e91b802326be,489d2d97-4948-415d-b42b-ca3094c702af,632,15/03/2017 20:48:27,20,35,580.8333,6.5,184,TRUE,ios
0860fc3b-1fdd-4a3b-a67f-e91b802326be,489d2d97-4948-415d-b42b-ca3094c702af,629,15/03/2017 20:48:44,2,35,58.083332,6.3,19,TRUE,ios
0860fc3b-1fdd-4a3b-a67f-e91b802326be,489d2d97-4948-415d-b42b-ca3094c702af,628,15/03/2017 20:48:56,21.5,36,649.37164,5.5,234,TRUE,ios
0860fc3b-1fdd-4a3b-a67f-e91b802326be,489d2d97-4948-415d-b42b-ca3094c702af,627,15/03/2017 20:49:02,1.7,36,51.345665,5.1,20,TRUE,ios
0860fc3b-1fdd-4a3b-a67f-e91b802326be,489d2d97-4948-415d-b42b-ca3094c702af,626,15/03/2017 20:49:07,28.9,37,906.4485,5.8,298,TRUE,ios
0860fc3b-1fdd-4a3b-a67f-e91b802326be,489d2d97-4948-415d-b42b-ca3094c702af,625,15/03/2017 20:49:14,23.4,36,706.758,5.5,255,TRUE,ios
0860fc3b-1fdd-4a3b-a67f-e91b802326be,489d2d97-4948-415d-b42b-ca3094c702af,623,15/03/2017 20:49:27,2,36,60.406666,5.7,21,TRUE,ios
0860fc3b-1fdd-4a3b-a67f-e91b802326be,489d2d97-4948-415d-b42b-ca3094c702af,622,15/03/2017 20:49:35,21.9,36,661.453,5.5,238,TRUE,ios
0860fc3b-1fdd-4a3b-a67f-e91b802326be,489d2d97-4948-415d-b42b-ca3094c702af,621,15/03/2017 20:49:41,18.3,37,573.9795,5.5,199,TRUE,ios
0860fc3b-1fdd-4a3b-a67f-e91b802326be,489d2d97-4948-415d-b42b-ca3094c702af,620,15/03/2017 20:49:48,13.4,36,404.72467,6,134,TRUE,ios
0860fc3b-1fdd-4a3b-a67f-e91b802326be,489d2d97-4948-415d-b42b-ca3094c702af,619,15/03/2017 20:49:55,2.1,20,24.395,4.3,29,TRUE,ios
0860fc3b-1fdd-4a3b-a67f-e91b802326be,489d2d97-4948-415d-b42b-ca3094c702af,618,15/03/2017 20:50:03,1.8,36,54.366,6,18,TRUE,ios
9b531be8-9edb-4d66-acae-016d62a4f59d,a33bd1a3-61e2-4c3e-9672-933b52b601a6,59,6/3/2017 19:03,15.8,34,440.504,8.9,106,TRUE,android
9b531be8-9edb-4d66-acae-016d62a4f59d,a33bd1a3-61e2-4c3e-9672-933b52b601a6,58,6/3/2017 19:03,2.9,30,67.37666,7,24,TRUE,android
9b531be8-9edb-4d66-acae-016d62a4f59d,a33bd1a3-61e2-4c3e-9672-933b52b601a6,57,6/3/2017 19:03,28.2,33,753.457,8.9,190,TRUE,android
9b531be8-9edb-4d66-acae-016d62a4f59d,a33bd1a3-61e2-4c3e-9672-933b52b601a6,56,6/3/2017 19:03,14,36,422.84668,8.6,97,TRUE,android
9b531be8-9edb-4d66-acae-016d62a4f59d,a33bd1a3-61e2-4c3e-9672-933b52b601a6,55,6/3/2017 19:03,11.2,32,286.23468,8.8,76,TRUE,android
9b531be8-9edb-4d66-acae-016d62a4f59d,a33bd1a3-61e2-4c3e-9672-933b52b601a6,54,6/3/2017 19:03,1.9,34,52.972,4.4,25,TRUE,android
9b531be8-9edb-4d66-acae-016d62a4f59d,a33bd1a3-61e2-4c3e-9672-933b52b601a6,53,6/3/2017 19:03,21.1,35,612.7792,7.7,164,TRUE,android
9b531be8-9edb-4d66-acae-016d62a4f59d,a33bd1a3-61e2-4c3e-9672-933b52b601a6,52,6/3/2017 19:03,22.1,34,616.148,8.8,150,TRUE,android
9b531be8-9edb-4d66-acae-016d62a4f59d,a33bd1a3-61e2-4c3e-9672-933b52b601a6,51,6/3/2017 19:03,2.2,34,61.336,5.7,23,TRUE,android
e0313feb-ab3d-4bf4-aeac-c85ea8da5ac6,e158c4e9-85b9-4b8c-82f3-ca81b7890714,836,8/5/2017 8:28,17,33,432,7.5,136,FALSE,android
e0313feb-ab3d-4bf4-aeac-c85ea8da5ac6,e158c4e9-85b9-4b8c-82f3-ca81b7890714,821,8/5/2017 8:28,18.1,33,483.60184,10.5,103,TRUE,android
3053dd89-36db-4906-8c72-3048e41726fe,4dffe378-71a2-4b49-9be1-627530fadce0,234,9/3/2017 6:31,16.4,42,609.64264,4.9,200,TRUE,android
1f8730a9-5d67-4895-9215-6e247087ea00,df96ba57-7cb0-411c-8052-cf2da218050f,213,2/3/2017 11:45,82.3,33,2209,5.505017,897,FALSE,android
1f8730a9-5d67-4895-9215-6e247087ea00,df96ba57-7cb0-411c-8052-cf2da218050f,210,2/3/2017 11:44,70.9,33,1894.3298,9.7,438,TRUE,android
1f8730a9-5d67-4895-9215-6e247087ea00,df96ba57-7cb0-411c-8052-cf2da218050f,209,2/3/2017 11:37,19.4,38,631.01733,8,145,TRUE,android
1f8730a9-5d67-4895-9215-6e247087ea00,df96ba57-7cb0-411c-8052-cf2da218050f,202,2/3/2017 11:32,31.4,35,911.9083,9.5,198,TRUE,android
1f8730a9-5d67-4895-9215-6e247087ea00,df96ba57-7cb0-411c-8052-cf2da218050f,199,17/03/2017 20:47:00,28.9,35,839.30414,9,192,TRUE,android
1f8730a9-5d67-4895-9215-6e247087ea00,df96ba57-7cb0-411c-8052-cf2da218050f,198,2/3/2017 11:42,36.3,35,1054.2125,9.3,234,TRUE,android
1f8730a9-5d67-4895-9215-6e247087ea00,df96ba57-7cb0-411c-8052-cf2da218050f,187,17/03/2017 20:42:18,31.9,34,889.372,8.3,230,TRUE,android
1f8730a9-5d67-4895-9215-6e247087ea00,df96ba57-7cb0-411c-8052-cf2da218050f,183,17/03/2017 20:42:18,91.5,34,2551.02,8.3,661,TRUE,android
1f8730a9-5d67-4895-9215-6e247087ea00,df96ba57-7cb0-411c-8052-cf2da218050f,182,17/03/2017 20:42:18,28.9,38,940.0207,8.5,204,TRUE,android
1f8730a9-5d67-4895-9215-6e247087ea00,df96ba57-7cb0-411c-8052-cf2da218050f,181,17/03/2017 20:42:18,39.6,36,1196.052,8.7,273,TRUE,android
1f8730a9-5d67-4895-9215-6e247087ea00,df96ba57-7cb0-411c-8052-cf2da218050f,180,17/03/2017 20:42:18,17.2,33,459.55533,9.4,109,TRUE,android
1f8730a9-5d67-4895-9215-6e247087ea00,df96ba57-7cb0-411c-8052-cf2da218050f,178,2/3/2017 11:32,51,34,1421.88,8.8,347,TRUE,android
1f8730a9-5d67-4895-9215-6e247087ea00,df96ba57-7cb0-411c-8052-cf2da218050f,177,2/3/2017 11:32,26.2,35,760.89166,8.8,178,TRUE,android
1f8730a9-5d67-4895-9215-6e247087ea00,df96ba57-7cb0-411c-8052-cf2da218050f,175,2/3/2017 11:32,25.9,33,692.0048,9.3,167,TRUE,android
1f8730a9-5d67-4895-9215-6e247087ea00,df96ba57-7cb0-411c-8052-cf2da218050f,174,2/3/2017 11:32,70.6,34,1968.328,7.9,536,TRUE,android
f7d6557e-d566-4538-82d2-e86ce4cc823a,f74e9b03-99e0-4840-972c-bd5d32e8a627,337,5/6/2017 7:22,0.5,31,10,4.285714,7,FALSE,ios
f7d6557e-d566-4538-82d2-e86ce4cc823a,f74e9b03-99e0-4840-972c-bd5d32e8a627,327,25/05/2017 07:41:47,1.5,35,35,3.6,25,FALSE,ios
f7d6557e-d566-4538-82d2-e86ce4cc823a,f74e9b03-99e0-4840-972c-bd5d32e8a627,325,23/05/2017 07:37:06,1,27,17,2.857143,21,FALSE,ios
f7d6557e-d566-4538-82d2-e86ce4cc823a,f74e9b03-99e0-4840-972c-bd5d32e8a627,324,23/05/2017 07:37:01,16.2,34,451.656,4.2,231,TRUE,ios
f7d6557e-d566-4538-82d2-e86ce4cc823a,f74e9b03-99e0-4840-972c-bd5d32e8a627,321,18/05/2017 07:42:01,0.4,28,7,2.6666667,9,FALSE,ios
f7d6557e-d566-4538-82d2-e86ce4cc823a,f74e9b03-99e0-4840-972c-bd5d32e8a627,320,18/05/2017 07:42:11,11,34,306.68,3.2,206,TRUE,ios
f7d6557e-d566-4538-82d2-e86ce4cc823a,f74e9b03-99e0-4840-972c-bd5d32e8a627,319,16/05/2017 07:42:17,1.7,35,41,2.487805,41,FALSE,ios
f7d6557e-d566-4538-82d2-e86ce4cc823a,f74e9b03-99e0-4840-972c-bd5d32e8a627,318,15/05/2017 07:30:15,11.7,36,353.379,3.7,189,FALSE,ios
f7d6557e-d566-4538-82d2-e86ce4cc823a,f74e9b03-99e0-4840-972c-bd5d32e8a627,317,16/05/2017 07:42:13,13,36,392.64334,4.7,165,TRUE,ios
f7d6557e-d566-4538-82d2-e86ce4cc823a,f74e9b03-99e0-4840-972c-bd5d32e8a627,315,12/5/2017 7:28,1.2,33,24,3.6,20,FALSE,ios
f7d6557e-d566-4538-82d2-e86ce4cc823a,f74e9b03-99e0-4840-972c-bd5d32e8a627,314,25/05/2017 07:41:39,12.4,35,360.11667,3.9,190,TRUE,ios
f7d6557e-d566-4538-82d2-e86ce4cc823a,f74e9b03-99e0-4840-972c-bd5d32e8a627,313,25/05/2017 07:41:39,15.3,35,444.3375,5,183,TRUE,ios
f7d6557e-d566-4538-82d2-e86ce4cc823a,f74e9b03-99e0-4840-972c-bd5d32e8a627,312,25/05/2017 07:41:39,6.8,35,197.48334,4.6,88,TRUE,ios
f7d6557e-d566-4538-82d2-e86ce4cc823a,f74e9b03-99e0-4840-972c-bd5d32e8a627,311,8/5/2017 7:32,1.9,35,44,3.3529413,34,FALSE,ios
f7d6557e-d566-4538-82d2-e86ce4cc823a,f74e9b03-99e0-4840-972c-bd5d32e8a627,310,25/05/2017 07:41:33,18.6,37,583.389,5,223,TRUE,ios
f7d6557e-d566-4538-82d2-e86ce4cc823a,f74e9b03-99e0-4840-972c-bd5d32e8a627,309,5/5/2017 7:22,13,35,377.54166,3.6,216,FALSE,ios
f7d6557e-d566-4538-82d2-e86ce4cc823a,f74e9b03-99e0-4840-972c-bd5d32e8a627,308,4/5/2017 7:42,8.5,38,276.47665,5.7,89,FALSE,ios
f7d6557e-d566-4538-82d2-e86ce4cc823a,f74e9b03-99e0-4840-972c-bd5d32e8a627,307,3/5/2017 7:29,14,34,390.32,4.1,204,FALSE,ios
f7d6557e-d566-4538-82d2-e86ce4cc823a,f74e9b03-99e0-4840-972c-bd5d32e8a627,306,4/5/2017 7:42,19.5,35,566.3125,5,234,TRUE,ios
f7d6557e-d566-4538-82d2-e86ce4cc823a,f74e9b03-99e0-4840-972c-bd5d32e8a627,305,3/5/2017 7:29,15.9,27,313.9985,4.8,198,TRUE,ios
f7d6557e-d566-4538-82d2-e86ce4cc823a,f74e9b03-99e0-4840-972c-bd5d32e8a627,304,3/5/2017 7:29,15.4,34,429.352,4.2,220,TRUE,ios
f7d6557e-d566-4538-82d2-e86ce4cc823a,f74e9b03-99e0-4840-972c-bd5d32e8a627,303,25/05/2017 07:41:33,15.7,34,437.716,4.6,204,TRUE,ios
f7d6557e-d566-4538-82d2-e86ce4cc823a,f74e9b03-99e0-4840-972c-bd5d32e8a627,302,25/05/2017 07:41:33,17.6,33,470.24268,5.7,185,TRUE,ios
f7d6557e-d566-4538-82d2-e86ce4cc823a,f74e9b03-99e0-4840-972c-bd5d32e8a627,301,26/04/2017 07:44:29,1.5,30,24,3.75,24,FALSE,ios
f7d6557e-d566-4538-82d2-e86ce4cc823a,f74e9b03-99e0-4840-972c-bd5d32e8a627,300,18/05/2017 07:42:21,16.4,34,457.232,4.4,223,TRUE,ios
f7d6557e-d566-4538-82d2-e86ce4cc823a,f74e9b03-99e0-4840-972c-bd5d32e8a627,299,24/04/2017 07:35:59,1.9,33,39,5.7,20,FALSE,ios
f7d6557e-d566-4538-82d2-e86ce4cc823a,f74e9b03-99e0-4840-972c-bd5d32e8a627,298,15/05/2017 07:30:37,17.7,34,493.476,4.9,216,TRUE,ios
f7d6557e-d566-4538-82d2-e86ce4cc823a,f74e9b03-99e0-4840-972c-bd5d32e8a627,297,15/05/2017 07:30:37,13.8,35,400.775,4.5,184,TRUE,ios
f7d6557e-d566-4538-82d2-e86ce4cc823a,f74e9b03-99e0-4840-972c-bd5d32e8a627,296,15/05/2017 07:30:37,13.3,35,386.25418,4.1,194,TRUE,ios
f7d6557e-d566-4538-82d2-e86ce4cc823a,f74e9b03-99e0-4840-972c-bd5d32e8a627,295,15/05/2017 07:30:37,16.1,35,467.57083,4.7,205,TRUE,ios
f7d6557e-d566-4538-82d2-e86ce4cc823a,f74e9b03-99e0-4840-972c-bd5d32e8a627,294,15/05/2017 07:30:37,12.2,36,368.48065,3.8,192,TRUE,ios
f7d6557e-d566-4538-82d2-e86ce4cc823a,f74e9b03-99e0-4840-972c-bd5d32e8a627,293,15/05/2017 07:30:37,15.1,33,403.44684,5.6,161,TRUE,ios
f7d6557e-d566-4538-82d2-e86ce4cc823a,f74e9b03-99e0-4840-972c-bd5d32e8a627,292,15/05/2017 07:30:37,20.2,36,610.10736,5.3,228,TRUE,ios
f7d6557e-d566-4538-82d2-e86ce4cc823a,f74e9b03-99e0-4840-972c-bd5d32e8a627,291,15/05/2017 07:30:37,14.7,35,426.9125,4.8,183,TRUE,ios
f7d6557e-d566-4538-82d2-e86ce4cc823a,f74e9b03-99e0-4840-972c-bd5d32e8a627,290,15/05/2017 07:30:37,14,35,406.58334,4.7,178,TRUE,ios
f7d6557e-d566-4538-82d2-e86ce4cc823a,f74e9b03-99e0-4840-972c-bd5d32e8a627,289,12/4/2017 7:42,1.1,32,20,2.275862,29,FALSE,ios
f7d6557e-d566-4538-82d2-e86ce4cc823a,f74e9b03-99e0-4840-972c-bd5d32e8a627,288,16/05/2017 07:42:04,16.8,34,468.384,4.4,229,TRUE,ios
f7d6557e-d566-4538-82d2-e86ce4cc823a,f74e9b03-99e0-4840-972c-bd5d32e8a627,287,15/05/2017 07:30:30,18.3,36,552.721,4.6,238,TRUE,ios
f7d6557e-d566-4538-82d2-e86ce4cc823a,f74e9b03-99e0-4840-972c-bd5d32e8a627,286,15/05/2017 07:30:30,14.1,35,409.4875,4.5,188,TRUE,ios
f7d6557e-d566-4538-82d2-e86ce4cc823a,f74e9b03-99e0-4840-972c-bd5d32e8a627,285,15/05/2017 07:30:30,16.3,33,435.50882,3.7,264,TRUE,ios
f7d6557e-d566-4538-82d2-e86ce4cc823a,f74e9b03-99e0-4840-972c-bd5d32e8a627,284,15/05/2017 07:30:30,21.9,34,610.572,5.1,257,TRUE,ios
f7d6557e-d566-4538-82d2-e86ce4cc823a,f74e9b03-99e0-4840-972c-bd5d32e8a627,283,15/05/2017 07:30:30,16.1,36,486.27368,5.4,178,TRUE,ios
f7d6557e-d566-4538-82d2-e86ce4cc823a,f74e9b03-99e0-4840-972c-bd5d32e8a627,282,15/05/2017 07:30:30,16.3,34,454.444,5.2,188,TRUE,ios
f7d6557e-d566-4538-82d2-e86ce4cc823a,f74e9b03-99e0-4840-972c-bd5d32e8a627,281,15/05/2017 07:30:17,17.7,33,472.9145,4.6,230,TRUE,ios
f7d6557e-d566-4538-82d2-e86ce4cc823a,f74e9b03-99e0-4840-972c-bd5d32e8a627,280,15/05/2017 07:30:17,16.4,34,457.232,5.3,185,TRUE,ios
f7d6557e-d566-4538-82d2-e86ce4cc823a,f74e9b03-99e0-4840-972c-bd5d32e8a627,279,15/05/2017 07:30:17,20.5,34,571.54,5.5,223,TRUE,ios
f7d6557e-d566-4538-82d2-e86ce4cc823a,f74e9b03-99e0-4840-972c-bd5d32e8a627,278,15/05/2017 07:30:17,1.8,20,20.91,7.2,15,TRUE,ios
f7d6557e-d566-4538-82d2-e86ce4cc823a,f74e9b03-99e0-4840-972c-bd5d32e8a627,277,15/05/2017 07:30:17,14,35,406.58334,4.4,190,TRUE,ios
f7d6557e-d566-4538-82d2-e86ce4cc823a,f74e9b03-99e0-4840-972c-bd5d32e8a627,276,15/05/2017 07:30:17,14.6,35,424.00833,4.5,194,TRUE,ios
f7d6557e-d566-4538-82d2-e86ce4cc823a,f74e9b03-99e0-4840-972c-bd5d32e8a627,275,15/05/2017 07:30:17,15.2,34,423.776,4.5,202,TRUE,ios
f7d6557e-d566-4538-82d2-e86ce4cc823a,f74e9b03-99e0-4840-972c-bd5d32e8a627,274,15/05/2017 07:30:17,16.6,35,482.09167,5.5,181,TRUE,ios
f7d6557e-d566-4538-82d2-e86ce4cc823a,f74e9b03-99e0-4840-972c-bd5d32e8a627,273,15/05/2017 07:30:17,10,36,302.03333,4.7,127,TRUE,ios
f7d6557e-d566-4538-82d2-e86ce4cc823a,f74e9b03-99e0-4840-972c-bd5d32e8a627,272,15/05/2017 07:30:17,16.7,35,484.99582,4.6,217,TRUE,ios
f7d6557e-d566-4538-82d2-e86ce4cc823a,f74e9b03-99e0-4840-972c-bd5d32e8a627,271,18/05/2017 07:42:05,2.7,29,59.5935,4.1,39,TRUE,ios
f7d6557e-d566-4538-82d2-e86ce4cc823a,f74e9b03-99e0-4840-972c-bd5d32e8a627,270,16/05/2017 07:41:50,2.9,23,43.794834,7.3,23,TRUE,ios
f7d6557e-d566-4538-82d2-e86ce4cc823a,f74e9b03-99e0-4840-972c-bd5d32e8a627,269,16/05/2017 07:41:50,2.1,17,17.0765,6.3,20,TRUE,ios
f7d6557e-d566-4538-82d2-e86ce4cc823a,f74e9b03-99e0-4840-972c-bd5d32e8a627,268,16/05/2017 07:41:50,24.3,34,677.484,5.7,255,TRUE,ios
f7d6557e-d566-4538-82d2-e86ce4cc823a,f74e9b03-99e0-4840-972c-bd5d32e8a627,267,16/05/2017 07:41:50,17.2,34,479.536,5.7,181,TRUE,ios
f7d6557e-d566-4538-82d2-e86ce4cc823a,f74e9b03-99e0-4840-972c-bd5d32e8a627,266,16/05/2017 07:41:50,15.6,34,434.928,5.1,183,TRUE,ios
f7d6557e-d566-4538-82d2-e86ce4cc823a,f74e9b03-99e0-4840-972c-bd5d32e8a627,265,16/05/2017 07:41:50,17.3,34,482.324,4.3,241,TRUE,ios
f7d6557e-d566-4538-82d2-e86ce4cc823a,f74e9b03-99e0-4840-972c-bd5d32e8a627,264,16/05/2017 07:41:50,16.9,34,471.172,5.3,191,TRUE,ios
f7d6557e-d566-4538-82d2-e86ce4cc823a,f74e9b03-99e0-4840-972c-bd5d32e8a627,263,16/05/2017 07:41:50,20.9,33,558.41315,5.1,245,TRUE,ios
f7d6557e-d566-4538-82d2-e86ce4cc823a,f74e9b03-99e0-4840-972c-bd5d32e8a627,262,16/05/2017 07:41:50,13.3,34,370.804,3.9,204,TRUE,ios
f7d6557e-d566-4538-82d2-e86ce4cc823a,f74e9b03-99e0-4840-972c-bd5d32e8a627,261,16/05/2017 07:41:50,14.8,34,412.624,4.9,181,TRUE,ios
f7d6557e-d566-4538-82d2-e86ce4cc823a,f74e9b03-99e0-4840-972c-bd5d32e8a627,260,15/03/2017 07:49:04,2.6,31,48,4.5882354,34,FALSE,ios
f7d6557e-d566-4538-82d2-e86ce4cc823a,f74e9b03-99e0-4840-972c-bd5d32e8a627,259,12/5/2017 7:28,17.6,34,490.688,5.4,195,TRUE,ios
f7d6557e-d566-4538-82d2-e86ce4cc823a,f74e9b03-99e0-4840-972c-bd5d32e8a627,258,15/03/2017 07:48:56,15.7,28,328.287,5.3,177,TRUE,ios
f7d6557e-d566-4538-82d2-e86ce4cc823a,f74e9b03-99e0-4840-972c-bd5d32e8a627,257,15/03/2017 07:49:01,15.2,35,441.43332,4.5,202,TRUE,ios
f7d6557e-d566-4538-82d2-e86ce4cc823a,f74e9b03-99e0-4840-972c-bd5d32e8a627,256,15/05/2017 07:30:07,17.9,35,519.8458,4,268,TRUE,ios
f7d6557e-d566-4538-82d2-e86ce4cc823a,f74e9b03-99e0-4840-972c-bd5d32e8a627,255,15/05/2017 07:30:07,14.6,34,407.048,3.9,224,TRUE,ios
f7d6557e-d566-4538-82d2-e86ce4cc823a,f74e9b03-99e0-4840-972c-bd5d32e8a627,254,15/05/2017 07:30:07,14.2,33,379.40033,4.7,181,TRUE,ios
f7d6557e-d566-4538-82d2-e86ce4cc823a,f74e9b03-99e0-4840-972c-bd5d32e8a627,253,8/3/2017 7:48,5.7,36,166,3.5185184,97,FALSE,ios
f7d6557e-d566-4538-82d2-e86ce4cc823a,f74e9b03-99e0-4840-972c-bd5d32e8a627,252,8/3/2017 7:44,6.4,36,160,3.8323352,100,FALSE,ios
f7d6557e-d566-4538-82d2-e86ce4cc823a,f74e9b03-99e0-4840-972c-bd5d32e8a627,251,12/5/2017 7:28,16.3,33,435.50882,4.5,217,TRUE,ios
f7d6557e-d566-4538-82d2-e86ce4cc823a,f74e9b03-99e0-4840-972c-bd5d32e8a627,250,12/5/2017 7:28,15.2,33,406.11865,4.3,212,TRUE,ios
f7d6557e-d566-4538-82d2-e86ce4cc823a,f74e9b03-99e0-4840-972c-bd5d32e8a627,249,12/5/2017 7:28,18.9,35,548.8875,7.2,157,TRUE,ios
f7d6557e-d566-4538-82d2-e86ce4cc823a,f74e9b03-99e0-4840-972c-bd5d32e8a627,248,12/5/2017 7:28,19,31,463.505,5.4,211,TRUE,ios
f7d6557e-d566-4538-82d2-e86ce4cc823a,f74e9b03-99e0-4840-972c-bd5d32e8a627,247,3/3/2017 7:18,0.4,20,3,3.4285715,7,FALSE,ios
f7d6557e-d566-4538-82d2-e86ce4cc823a,f74e9b03-99e0-4840-972c-bd5d32e8a627,246,8/5/2017 7:32,14.6,34,407.048,6.1,143,TRUE,ios
f7d6557e-d566-4538-82d2-e86ce4cc823a,f74e9b03-99e0-4840-972c-bd5d32e8a627,245,1/3/2017 6:58,0.3,20,2,2,9,FALSE,ios
f7d6557e-d566-4538-82d2-e86ce4cc823a,f74e9b03-99e0-4840-972c-bd5d32e8a627,241,5/5/2017 7:22,15.4,33,411.46234,6,154,TRUE,ios
f7d6557e-d566-4538-82d2-e86ce4cc823a,f74e9b03-99e0-4840-972c-bd5d32e8a627,240,5/5/2017 7:22,14.9,34,415.412,5.9,151,TRUE,ios
f7d6557e-d566-4538-82d2-e86ce4cc823a,f74e9b03-99e0-4840-972c-bd5d32e8a627,239,5/5/2017 7:22,12.4,34,345.712,4.1,181,TRUE,ios
f7d6557e-d566-4538-82d2-e86ce4cc823a,f74e9b03-99e0-4840-972c-bd5d32e8a627,238,5/5/2017 7:22,11.3,33,301.91718,4.7,144,TRUE,ios
f7d6557e-d566-4538-82d2-e86ce4cc823a,f74e9b03-99e0-4840-972c-bd5d32e8a627,236,4/5/2017 7:42,15.5,31,378.1225,6,155,TRUE,ios
f7d6557e-d566-4538-82d2-e86ce4cc823a,f74e9b03-99e0-4840-972c-bd5d32e8a627,235,4/5/2017 7:42,11.6,28,242.556,4.2,165,TRUE,ios
f7d6557e-d566-4538-82d2-e86ce4cc823a,f74e9b03-99e0-4840-972c-bd5d32e8a627,234,4/5/2017 7:42,14.1,34,393.108,5.3,159,TRUE,ios
f7d6557e-d566-4538-82d2-e86ce4cc823a,f74e9b03-99e0-4840-972c-bd5d32e8a627,233,4/5/2017 7:42,7.4,32,189.11934,2.7,164,TRUE,ios
f7d6557e-d566-4538-82d2-e86ce4cc823a,f74e9b03-99e0-4840-972c-bd5d32e8a627,232,4/5/2017 7:42,12.6,34,351.288,4.1,184,TRUE,ios
f7d6557e-d566-4538-82d2-e86ce4cc823a,f74e9b03-99e0-4840-972c-bd5d32e8a627,231,4/5/2017 7:42,16.8,35,487.9,5.4,186,TRUE,ios
f7d6557e-d566-4538-82d2-e86ce4cc823a,f74e9b03-99e0-4840-972c-bd5d32e8a627,229,3/5/2017 7:29,16.2,32,414.018,5.7,170,TRUE,ios
f7d6557e-d566-4538-82d2-e86ce4cc823a,f74e9b03-99e0-4840-972c-bd5d32e8a627,228,3/5/2017 7:29,13.3,33,355.35382,4.5,177,TRUE,ios
f7d6557e-d566-4538-82d2-e86ce4cc823a,f74e9b03-99e0-4840-972c-bd5d32e8a627,227,3/5/2017 7:29,15.7,34,437.716,5.4,174,TRUE,ios
f7d6557e-d566-4538-82d2-e86ce4cc823a,f74e9b03-99e0-4840-972c-bd5d32e8a627,225,26/04/2017 07:44:23,12.6,34,351.288,4.1,184,TRUE,ios
f7d6557e-d566-4538-82d2-e86ce4cc823a,f74e9b03-99e0-4840-972c-bd5d32e8a627,223,24/04/2017 07:35:53,17.5,29,386.25418,5.5,190,TRUE,ios
f7d6557e-d566-4538-82d2-e86ce4cc823a,f74e9b03-99e0-4840-972c-bd5d32e8a627,218,15/03/2017 07:48:46,18,33,480.93,5.1,211,TRUE,ios
f7d6557e-d566-4538-82d2-e86ce4cc823a,f74e9b03-99e0-4840-972c-bd5d32e8a627,217,15/03/2017 07:48:46,14.5,33,387.41583,5.8,150,TRUE,ios
f7d6557e-d566-4538-82d2-e86ce4cc823a,f74e9b03-99e0-4840-972c-bd5d32e8a627,215,12/4/2017 7:42,16.5,34,460.02,6,165,TRUE,ios
f7d6557e-d566-4538-82d2-e86ce4cc823a,f74e9b03-99e0-4840-972c-bd5d32e8a627,214,15/03/2017 07:48:40,13.8,30,320.62,5.7,145,TRUE,ios
f7d6557e-d566-4538-82d2-e86ce4cc823a,f74e9b03-99e0-4840-972c-bd5d32e8a627,213,15/03/2017 07:48:40,14.6,33,390.08768,4.6,190,TRUE,ios
f7d6557e-d566-4538-82d2-e86ce4cc823a,f74e9b03-99e0-4840-972c-bd5d32e8a627,212,15/03/2017 07:48:40,14.3,34,398.684,4.5,190,TRUE,ios
f7d6557e-d566-4538-82d2-e86ce4cc823a,f74e9b03-99e0-4840-972c-bd5d32e8a627,211,15/03/2017 07:48:40,21.5,36,649.37164,5.7,226,TRUE,ios
f7d6557e-d566-4538-82d2-e86ce4cc823a,f74e9b03-99e0-4840-972c-bd5d32e8a627,210,15/03/2017 07:48:40,15.9,34,443.292,4.9,194,TRUE,ios
f7d6557e-d566-4538-82d2-e86ce4cc823a,f74e9b03-99e0-4840-972c-bd5d32e8a627,209,15/03/2017 07:48:40,11.6,34,323.408,3.3,210,TRUE,ios
f7d6557e-d566-4538-82d2-e86ce4cc823a,f74e9b03-99e0-4840-972c-bd5d32e8a627,208,15/03/2017 07:48:40,8.2,36,247.66733,4.6,106,TRUE,ios
f7d6557e-d566-4538-82d2-e86ce4cc823a,f74e9b03-99e0-4840-972c-bd5d32e8a627,207,15/03/2017 07:48:40,2,24,32.52667,7.1,16,TRUE,ios
f7d6557e-d566-4538-82d2-e86ce4cc823a,f74e9b03-99e0-4840-972c-bd5d32e8a627,206,8/5/2017 7:32,15.7,33,419.47784,4.9,192,TRUE,ios
f7d6557e-d566-4538-82d2-e86ce4cc823a,f74e9b03-99e0-4840-972c-bd5d32e8a627,205,5/5/2017 7:22,19.8,36,598.026,5.4,220,TRUE,ios
f7d6557e-d566-4538-82d2-e86ce4cc823a,f74e9b03-99e0-4840-972c-bd5d32e8a627,204,5/5/2017 7:22,16.9,35,490.80417,5.1,198,TRUE,ios
f7d6557e-d566-4538-82d2-e86ce4cc823a,f74e9b03-99e0-4840-972c-bd5d32e8a627,203,5/5/2017 7:22,19.2,35,557.6,6.8,169,TRUE,ios
f7d6557e-d566-4538-82d2-e86ce4cc823a,f74e9b03-99e0-4840-972c-bd5d32e8a627,202,5/5/2017 7:22,20.1,35,583.7375,5,241,TRUE,ios
f7d6557e-d566-4538-82d2-e86ce4cc823a,f74e9b03-99e0-4840-972c-bd5d32e8a627,201,5/5/2017 7:22,17.5,35,508.22916,5.1,205,TRUE,ios
f7d6557e-d566-4538-82d2-e86ce4cc823a,f74e9b03-99e0-4840-972c-bd5d32e8a627,200,5/5/2017 7:22,28.5,36,860.795,3.4,502,TRUE,ios
f7d6557e-d566-4538-82d2-e86ce4cc823a,f74e9b03-99e0-4840-972c-bd5d32e8a627,199,5/5/2017 7:22,13.3,36,401.70435,5.1,156,TRUE,ios
f7d6557e-d566-4538-82d2-e86ce4cc823a,f74e9b03-99e0-4840-972c-bd5d32e8a627,198,5/5/2017 7:22,19.6,33,523.6793,4.8,245,TRUE,ios
f7d6557e-d566-4538-82d2-e86ce4cc823a,f74e9b03-99e0-4840-972c-bd5d32e8a627,197,5/5/2017 7:22,18.6,36,561.782,5.5,202,TRUE,ios
f7d6557e-d566-4538-82d2-e86ce4cc823a,f74e9b03-99e0-4840-972c-bd5d32e8a627,196,5/5/2017 7:22,16.3,36,492.31433,5.7,171,TRUE,ios
f7d6557e-d566-4538-82d2-e86ce4cc823a,f74e9b03-99e0-4840-972c-bd5d32e8a627,194,3/3/2017 7:25,18.4,38,598.49066,5.3,208,TRUE,ios
f7d6557e-d566-4538-82d2-e86ce4cc823a,f74e9b03-99e0-4840-972c-bd5d32e8a627,193,3/3/2017 7:25,17,37,533.205,4.6,221,TRUE,ios
f7d6557e-d566-4538-82d2-e86ce4cc823a,f74e9b03-99e0-4840-972c-bd5d32e8a627,192,3/3/2017 7:25,25.3,38,822.9247,4.9,309,TRUE,ios
f7d6557e-d566-4538-82d2-e86ce4cc823a,f74e9b03-99e0-4840-972c-bd5d32e8a627,191,3/3/2017 7:25,27.5,33,734.75415,5.4,305,TRUE,ios
f7d6557e-d566-4538-82d2-e86ce4cc823a,f74e9b03-99e0-4840-972c-bd5d32e8a627,190,3/3/2017 7:25,15.9,35,461.7625,4.8,198,TRUE,ios
f7d6557e-d566-4538-82d2-e86ce4cc823a,f74e9b03-99e0-4840-972c-bd5d32e8a627,189,3/3/2017 7:25,16.4,33,438.18066,4.4,223,TRUE,ios
f7d6557e-d566-4538-82d2-e86ce4cc823a,f74e9b03-99e0-4840-972c-bd5d32e8a627,188,3/3/2017 7:25,15.6,32,398.684,4.2,222,TRUE,ios
f7d6557e-d566-4538-82d2-e86ce4cc823a,f74e9b03-99e0-4840-972c-bd5d32e8a627,186,8/3/2017 7:43,17.3,34,482.324,5.6,185,TRUE,ios
f7d6557e-d566-4538-82d2-e86ce4cc823a,f74e9b03-99e0-4840-972c-bd5d32e8a627,185,3/3/2017 7:25,17.4,38,565.964,5.6,186,TRUE,ios
f7d6557e-d566-4538-82d2-e86ce4cc823a,f74e9b03-99e0-4840-972c-bd5d32e8a627,184,3/3/2017 7:25,17.6,36,531.5787,4.9,215,TRUE,ios
f7d6557e-d566-4538-82d2-e86ce4cc823a,f74e9b03-99e0-4840-972c-bd5d32e8a627,183,3/3/2017 7:25,19.4,35,563.4083,5.8,200,TRUE,ios
f7d6557e-d566-4538-82d2-e86ce4cc823a,f74e9b03-99e0-4840-972c-bd5d32e8a627,182,3/3/2017 7:18,24.2,37,759.033,3.9,372,TRUE,ios
f7d6557e-d566-4538-82d2-e86ce4cc823a,f74e9b03-99e0-4840-972c-bd5d32e8a627,181,3/3/2017 7:18,20.3,38,660.2913,4.5,270,TRUE,ios
f7d6557e-d566-4538-82d2-e86ce4cc823a,f74e9b03-99e0-4840-972c-bd5d32e8a627,180,3/3/2017 7:18,9.6,39,323.408,4.8,120,TRUE,ios
f7d6557e-d566-4538-82d2-e86ce4cc823a,f74e9b03-99e0-4840-972c-bd5d32e8a627,179,3/3/2017 7:18,9.7,36,292.97232,3.5,166,TRUE,ios
f7d6557e-d566-4538-82d2-e86ce4cc823a,f74e9b03-99e0-4840-972c-bd5d32e8a627,178,3/3/2017 7:18,25,36,755.0833,6,250,TRUE,ios
f7d6557e-d566-4538-82d2-e86ce4cc823a,f74e9b03-99e0-4840-972c-bd5d32e8a627,177,3/3/2017 7:25,30.9,39,1040.9695,4.7,394,TRUE,ios
f7d6557e-d566-4538-82d2-e86ce4cc823a,f74e9b03-99e0-4840-972c-bd5d32e8a627,176,3/3/2017 7:25,19.9,36,601.0463,5.4,221,TRUE,ios
f7d6557e-d566-4538-82d2-e86ce4cc823a,f74e9b03-99e0-4840-972c-bd5d32e8a627,175,3/3/2017 7:25,25.1,37,787.2615,6.4,235,TRUE,ios
f7d6557e-d566-4538-82d2-e86ce4cc823a,f74e9b03-99e0-4840-972c-bd5d32e8a627,174,3/3/2017 7:25,24.7,37,774.7155,5,296,TRUE,ios
f7d6557e-d566-4538-82d2-e86ce4cc823a,f74e9b03-99e0-4840-972c-bd5d32e8a627,173,3/3/2017 7:25,37.2,39,1253.206,4.4,507,TRUE,ios
f7d6557e-d566-4538-82d2-e86ce4cc823a,f74e9b03-99e0-4840-972c-bd5d32e8a627,172,3/3/2017 7:25,17.7,35,514.0375,5.2,204,TRUE,ios
f7d6557e-d566-4538-82d2-e86ce4cc823a,f74e9b03-99e0-4840-972c-bd5d32e8a627,171,3/3/2017 7:25,21.2,35,615.68335,6.4,198,TRUE,ios
f7d6557e-d566-4538-82d2-e86ce4cc823a,f74e9b03-99e0-4840-972c-bd5d32e8a627,170,3/3/2017 7:25,15.2,35,441.43332,4.6,198,TRUE,ios
f7d6557e-d566-4538-82d2-e86ce4cc823a,f74e9b03-99e0-4840-972c-bd5d32e8a627,169,3/3/2017 7:25,18,35,522.75,4.7,229,TRUE,ios
f7d6557e-d566-4538-82d2-e86ce4cc823a,f74e9b03-99e0-4840-972c-bd5d32e8a627,168,3/3/2017 7:25,17.3,36,522.51764,4.6,225,TRUE,ios
f7d6557e-d566-4538-82d2-e86ce4cc823a,f74e9b03-99e0-4840-972c-bd5d32e8a627,167,8/3/2017 7:43,21.3,31,519.6135,5.7,224,TRUE,ios
f7d6557e-d566-4538-82d2-e86ce4cc823a,f74e9b03-99e0-4840-972c-bd5d32e8a627,147,1/3/2017 6:58,5.4,31,131.733,4.3,75,TRUE,ios
f7d6557e-d566-4538-82d2-e86ce4cc823a,f74e9b03-99e0-4840-972c-bd5d32e8a627,146,1/3/2017 6:58,18.4,34,512.992,5.5,200,TRUE,ios
f7d6557e-d566-4538-82d2-e86ce4cc823a,f74e9b03-99e0-4840-972c-bd5d32e8a627,145,1/3/2017 6:58,15.3,35,444.3375,4.9,187,TRUE,ios
9345ea11-1827-4e4e-be6b-35cb0839b75f,1c14b1d6-63fc-4014-b017-1b375b6a26fc,348,26/03/2017 20:05:27,14.1,36,294,12.626865,67,FALSE,ios
10757a1f-7240-460b-92c3-72b28b7b8deb,fc909258-1e8e-4e21-9b70-117763e28452,111,31/03/2017 23:29:12,38,38,1134,2.787286,818,FALSE,android
10757a1f-7240-460b-92c3-72b28b7b8deb,fc909258-1e8e-4e21-9b70-117763e28452,110,31/03/2017 15:53:04,12.6,32,317,1.4622824,517,FALSE,android
10757a1f-7240-460b-92c3-72b28b7b8deb,fc909258-1e8e-4e21-9b70-117763e28452,108,31/03/2017 15:46:58,3.6,20,41.82,4.3,50,TRUE,android
10757a1f-7240-460b-92c3-72b28b7b8deb,fc909258-1e8e-4e21-9b70-117763e28452,106,31/03/2017 15:47:27,8.3,32,212.12033,3.6,138,TRUE,android
10757a1f-7240-460b-92c3-72b28b7b8deb,fc909258-1e8e-4e21-9b70-117763e28452,105,31/03/2017 23:18:58,2.3,19,24.0465,4.5,30,TRUE,android
10757a1f-7240-460b-92c3-72b28b7b8deb,fc909258-1e8e-4e21-9b70-117763e28452,104,31/03/2017 23:19:11,21.6,39,727.668,3.8,341,TRUE,android
10757a1f-7240-460b-92c3-72b28b7b8deb,fc909258-1e8e-4e21-9b70-117763e28452,103,31/03/2017 23:19:23,15,40,522.75,3.1,290,TRUE,android
10757a1f-7240-460b-92c3-72b28b7b8deb,fc909258-1e8e-4e21-9b70-117763e28452,102,31/03/2017 23:19:36,21.5,37,674.3475,3.3,390,TRUE,android
10757a1f-7240-460b-92c3-72b28b7b8deb,fc909258-1e8e-4e21-9b70-117763e28452,96,31/03/2017 23:21:03,9.1,41,327.70618,2.4,227,TRUE,android
10757a1f-7240-460b-92c3-72b28b7b8deb,fc909258-1e8e-4e21-9b70-117763e28452,94,31/03/2017 23:21:28,69.7,36,2105.1724,4,1045,TRUE,android
10757a1f-7240-460b-92c3-72b28b7b8deb,fc909258-1e8e-4e21-9b70-117763e28452,93,31/03/2017 23:23:09,21.9,33,585.1315,4.2,312,TRUE,android
10757a1f-7240-460b-92c3-72b28b7b8deb,fc909258-1e8e-4e21-9b70-117763e28452,92,31/03/2017 23:23:22,4.2,23,63.427,3.8,66,TRUE,android
10757a1f-7240-460b-92c3-72b28b7b8deb,fc909258-1e8e-4e21-9b70-117763e28452,91,31/03/2017 23:23:34,36.9,36,1114.503,3.9,567,TRUE,android
10757a1f-7240-460b-92c3-72b28b7b8deb,fc909258-1e8e-4e21-9b70-117763e28452,90,31/03/2017 23:23:47,5.4,20,62.73,9.3,34,TRUE,android
10757a1f-7240-460b-92c3-72b28b7b8deb,fc909258-1e8e-4e21-9b70-117763e28452,89,31/03/2017 23:24:08,5.8,18,53.901333,9.7,35,TRUE,android
10757a1f-7240-460b-92c3-72b28b7b8deb,fc909258-1e8e-4e21-9b70-117763e28452,87,31/03/2017 23:24:45,84.8,36,2561.2427,3.7,1375,TRUE,android
10757a1f-7240-460b-92c3-72b28b7b8deb,fc909258-1e8e-4e21-9b70-117763e28452,86,31/03/2017 23:24:58,11.5,20,133.59166,7.8,88,TRUE,android
10757a1f-7240-460b-92c3-72b28b7b8deb,fc909258-1e8e-4e21-9b70-117763e28452,85,31/03/2017 23:27:47,3.5,26,65.05334,4.6,45,TRUE,android
10757a1f-7240-460b-92c3-72b28b7b8deb,fc909258-1e8e-4e21-9b70-117763e28452,84,31/03/2017 23:27:59,33.6,40,1170.96,3.3,610,TRUE,android
10757a1f-7240-460b-92c3-72b28b7b8deb,fc909258-1e8e-4e21-9b70-117763e28452,83,31/03/2017 23:28:14,43.1,35,1251.6958,3.4,760,TRUE,android
10757a1f-7240-460b-92c3-72b28b7b8deb,fc909258-1e8e-4e21-9b70-117763e28452,82,31/03/2017 23:28:29,5,18,46.466667,10.3,29,TRUE,android
10757a1f-7240-460b-92c3-72b28b7b8deb,fc909258-1e8e-4e21-9b70-117763e28452,81,31/03/2017 23:28:43,85.5,17,695.2575,6.5,789,TRUE,android
dd05b87a-061e-4645-8a53-0e3d22ef8e2b,75178d2d-8721-4cef-ba70-e739257466ba,544,1/3/2017 19:23,15.2,28,317.832,3.5,260,TRUE,android
dd05b87a-061e-4645-8a53-0e3d22ef8e2b,75178d2d-8721-4cef-ba70-e739257466ba,543,1/3/2017 19:24,35.8,34,998.104,3.4,631,TRUE,android
f7b27eee-4a60-451d-a912-98cc9d6f0c5b,c99437a0-5e78-498c-a651-5ccabcdbef49,136,1/3/2017 9:43,0.1,19,0,3,2,FALSE,ios
f7b27eee-4a60-451d-a912-98cc9d6f0c5b,c99437a0-5e78-498c-a651-5ccabcdbef49,135,1/3/2017 9:44,44.3,33,1183.6222,8.3,320,TRUE,ios
f7b27eee-4a60-451d-a912-98cc9d6f0c5b,c99437a0-5e78-498c-a651-5ccabcdbef49,134,1/3/2017 9:44,74.9,35,2175.221,8.1,554,TRUE,ios
