id,uid,time,data,meter
0,0bc06ffd-2b8f-4e9d-b4cb-f29509084020,29/08/2016 01:25:27,0,23151.0
1,0bc06ffd-2b8f-4e9d-b4cb-f29509084020,29/08/2016 00:25:27,0,23151.0
2,0bc06ffd-2b8f-4e9d-b4cb-f29509084020,28/08/2016 23:25:27,0,23151.0
3,0bc06ffd-2b8f-4e9d-b4cb-f29509084020,28/08/2016 22:25:27,0,23151.0
4,0bc06ffd-2b8f-4e9d-b4cb-f29509084020,28/08/2016 21:25:27,0,23151.0
5,0bc06ffd-2b8f-4e9d-b4cb-f29509084020,28/08/2016 20:25:27,0,23151.0
6,0bc06ffd-2b8f-4e9d-b4cb-f29509084020,28/08/2016 19:25:27,0,23151.0
7,0bc06ffd-2b8f-4e9d-b4cb-f29509084020,28/08/2016 14:25:29,0,23151.0
8,0bc06ffd-2b8f-4e9d-b4cb-f29509084020,28/08/2016 13:25:29,0,23151.0
9,0bc06ffd-2b8f-4e9d-b4cb-f29509084020,28/08/2016 12:25:29,0,23151.0
10,0bc06ffd-2b8f-4e9d-b4cb-f29509084020,28/08/2016 11:25:29,0,23151.0
11,0bc06ffd-2b8f-4e9d-b4cb-f29509084020,28/08/2016 06:25:29,0,23151.0
12,0bc06ffd-2b8f-4e9d-b4cb-f29509084020,28/08/2016 05:25:29,0,23151.0
13,0bc06ffd-2b8f-4e9d-b4cb-f29509084020,28/08/2016 04:25:29,0,23151.0
14,0bc06ffd-2b8f-4e9d-b4cb-f29509084020,28/08/2016 03:25:29,0,23151.0
15,0bc06ffd-2b8f-4e9d-b4cb-f29509084020,28/08/2016 02:25:30,0,23151.0
16,0bc06ffd-2b8f-4e9d-b4cb-f29509084020,28/08/2016 01:25:30,0,23151.0
17,0bc06ffd-2b8f-4e9d-b4cb-f29509084020,28/08/2016 00:25:30,0,23151.0
18,0bc06ffd-2b8f-4e9d-b4cb-f29509084020,27/08/2016 23:25:30,0,23151.0
19,0bc06ffd-2b8f-4e9d-b4cb-f29509084020,27/08/2016 22:25:31,0,23151.0
20,0bc06ffd-2b8f-4e9d-b4cb-f29509084020,27/08/2016 21:25:31,0,23151.0
21,0bc06ffd-2b8f-4e9d-b4cb-f29509084020,27/08/2016 20:25:31,0,23151.0
22,0bc06ffd-2b8f-4e9d-b4cb-f29509084020,27/08/2016 19:25:31,0,23151.0
23,0bc06ffd-2b8f-4e9d-b4cb-f29509084020,27/08/2016 18:25:31,0,23151.0
24,0bc06ffd-2b8f-4e9d-b4cb-f29509084020,27/08/2016 17:25:31,0,23151.0
25,0bc06ffd-2b8f-4e9d-b4cb-f29509084020,27/08/2016 16:25:31,0,23151.0
26,0bc06ffd-2b8f-4e9d-b4cb-f29509084020,27/08/2016 15:25:31,0,23151.0
27,0bc06ffd-2b8f-4e9d-b4cb-f29509084020,27/08/2016 10:25:31,0,23151.0
28,0bc06ffd-2b8f-4e9d-b4cb-f29509084020,27/08/2016 09:25:31,0,23151.0
29,0bc06ffd-2b8f-4e9d-b4cb-f29509084020,27/08/2016 08:25:31,0,23151.0
30,0bc06ffd-2b8f-4e9d-b4cb-f29509084020,27/08/2016 07:25:31,0,23151.0
31,0bc06ffd-2b8f-4e9d-b4cb-f29509084020,27/08/2016 06:25:31,0,23151.0
32,0bc06ffd-2b8f-4e9d-b4cb-f29509084020,27/08/2016 05:25:31,0,23151.0
33,0bc06ffd-2b8f-4e9d-b4cb-f29509084020,27/08/2016 04:25:31,0,23151.0
34,0bc06ffd-2b8f-4e9d-b4cb-f29509084020,27/08/2016 03:25:31,0,23151.0
35,0bc06ffd-2b8f-4e9d-b4cb-f29509084020,27/08/2016 02:25:31,0,23151.0
36,0bc06ffd-2b8f-4e9d-b4cb-f29509084020,27/08/2016 01:25:31,0,23151.0
37,0bc06ffd-2b8f-4e9d-b4cb-f29509084020,27/08/2016 00:25:31,0,23151.0
38,0bc06ffd-2b8f-4e9d-b4cb-f29509084020,26/08/2016 23:25:31,0,23151.0
39,0bc06ffd-2b8f-4e9d-b4cb-f29509084020,26/08/2016 22:25:31,0,23151.0
40,0bc06ffd-2b8f-4e9d-b4cb-f29509084020,26/08/2016 21:25:31,0,23151.0
41,0bc06ffd-2b8f-4e9d-b4cb-f29509084020,26/08/2016 20:25:31,0,23151.0
42,0bc06ffd-2b8f-4e9d-b4cb-f29509084020,26/08/2016 19:25:31,0,23151.0
43,0bc06ffd-2b8f-4e9d-b4cb-f29509084020,26/08/2016 18:25:32,0,23151.0
44,0bc06ffd-2b8f-4e9d-b4cb-f29509084020,26/08/2016 17:25:32,0,23151.0
45,0bc06ffd-2b8f-4e9d-b4cb-f29509084020,26/08/2016 16:25:32,0,23151.0
46,0bc06ffd-2b8f-4e9d-b4cb-f29509084020,26/08/2016 15:25:32,0,23151.0
47,0bc06ffd-2b8f-4e9d-b4cb-f29509084020,26/08/2016 14:25:32,0,23151.0
48,0bc06ffd-2b8f-4e9d-b4cb-f29509084020,26/08/2016 13:25:32,0,23151.0
49,0bc06ffd-2b8f-4e9d-b4cb-f29509084020,26/08/2016 12:25:32,0,23151.0
50,0bc06ffd-2b8f-4e9d-b4cb-f29509084020,26/08/2016 11:25:32,0,23151.0
51,0bc06ffd-2b8f-4e9d-b4cb-f29509084020,23/08/2016 18:25:51,0,23151.0
52,0bc06ffd-2b8f-4e9d-b4cb-f29509084020,23/08/2016 17:25:51,0,23151.0
53,0bc06ffd-2b8f-4e9d-b4cb-f29509084020,23/08/2016 16:25:51,0,23151.0
54,0bc06ffd-2b8f-4e9d-b4cb-f29509084020,23/08/2016 15:25:51,0,23151.0
55,0bc06ffd-2b8f-4e9d-b4cb-f29509084020,8/4/2016 14:30,0,23151.0
56,0bc06ffd-2b8f-4e9d-b4cb-f29509084020,8/4/2016 13:30,0,23151.0
57,0bc06ffd-2b8f-4e9d-b4cb-f29509084020,8/4/2016 12:30,0,23151.0
58,0bc06ffd-2b8f-4e9d-b4cb-f29509084020,8/4/2016 11:30,0,23151.0
59,0bc06ffd-2b8f-4e9d-b4cb-f29509084020,1/4/2016 10:30,0,23151.0
60,0bc06ffd-2b8f-4e9d-b4cb-f29509084020,1/4/2016 9:30,0,23151.0
61,0bc06ffd-2b8f-4e9d-b4cb-f29509084020,1/4/2016 8:30,0,23151.0
62,0bc06ffd-2b8f-4e9d-b4cb-f29509084020,1/4/2016 7:30,0,23151.0
63,0bc06ffd-2b8f-4e9d-b4cb-f29509084020,1/4/2016 2:30,0,23151.0
64,0bc06ffd-2b8f-4e9d-b4cb-f29509084020,1/4/2016 1:30,0,23151.0
65,0bc06ffd-2b8f-4e9d-b4cb-f29509084020,1/4/2016 0:30,0,23151.0
66,0bc06ffd-2b8f-4e9d-b4cb-f29509084020,31/03/2016 23:30:48,0,23151.0
67,0bc06ffd-2b8f-4e9d-b4cb-f29509084020,28/03/2016 14:31:10,0,23151.0
68,0bc06ffd-2b8f-4e9d-b4cb-f29509084020,28/03/2016 13:31:10,0,23151.0
69,0bc06ffd-2b8f-4e9d-b4cb-f29509084020,28/03/2016 12:31:10,0,23151.0
70,0bc06ffd-2b8f-4e9d-b4cb-f29509084020,28/03/2016 11:31:10,0,23151.0
71,0bc06ffd-2b8f-4e9d-b4cb-f29509084020,27/03/2016 18:31:14,0,23151.0
72,0bc06ffd-2b8f-4e9d-b4cb-f29509084020,27/03/2016 17:31:14,0,23151.0
73,0bc06ffd-2b8f-4e9d-b4cb-f29509084020,27/03/2016 16:31:14,0,23151.0
74,0bc06ffd-2b8f-4e9d-b4cb-f29509084020,27/03/2016 15:31:14,0,23151.0
75,0bc06ffd-2b8f-4e9d-b4cb-f29509084020,27/03/2016 10:31:09,0,23151.0
76,0bc06ffd-2b8f-4e9d-b4cb-f29509084020,27/03/2016 09:31:09,0,23151.0
77,0bc06ffd-2b8f-4e9d-b4cb-f29509084020,27/03/2016 08:31:09,0,23151.0
78,0bc06ffd-2b8f-4e9d-b4cb-f29509084020,27/03/2016 07:31:09,0,23151.0
79,0bc06ffd-2b8f-4e9d-b4cb-f29509084020,21/03/2016 17:31:14,0,23151.0
80,0bc06ffd-2b8f-4e9d-b4cb-f29509084020,21/03/2016 16:31:14,0,23151.0
81,0bc06ffd-2b8f-4e9d-b4cb-f29509084020,21/03/2016 15:31:14,0,23151.0
82,0bc06ffd-2b8f-4e9d-b4cb-f29509084020,21/03/2016 14:31:14,0,23151.0
83,0bc06ffd-2b8f-4e9d-b4cb-f29509084020,14/03/2016 09:31:26,0,23151.0
84,0bc06ffd-2b8f-4e9d-b4cb-f29509084020,14/03/2016 08:31:26,0,23151.0
85,0bc06ffd-2b8f-4e9d-b4cb-f29509084020,14/03/2016 07:31:26,0,23151.0
86,0bc06ffd-2b8f-4e9d-b4cb-f29509084020,14/03/2016 06:31:26,0,23151.0
87,0bc06ffd-2b8f-4e9d-b4cb-f29509084020,13/03/2016 13:31:33,0,23151.0
88,0bc06ffd-2b8f-4e9d-b4cb-f29509084020,13/03/2016 12:31:33,0,23151.0
89,0bc06ffd-2b8f-4e9d-b4cb-f29509084020,13/03/2016 11:31:33,0,23151.0
90,0bc06ffd-2b8f-4e9d-b4cb-f29509084020,13/03/2016 10:31:33,0,23151.0
91,0bc06ffd-2b8f-4e9d-b4cb-f29509084020,10/3/2016 9:31,0,23151.0
92,0bc06ffd-2b8f-4e9d-b4cb-f29509084020,10/3/2016 8:31,0,23151.0
93,0bc06ffd-2b8f-4e9d-b4cb-f29509084020,10/3/2016 7:31,0,23151.0
94,0bc06ffd-2b8f-4e9d-b4cb-f29509084020,10/3/2016 6:31,0,23151.0
95,0bc06ffd-2b8f-4e9d-b4cb-f29509084020,10/3/2016 1:31,0,23151.0
96,0bc06ffd-2b8f-4e9d-b4cb-f29509084020,10/3/2016 0:31,0,23151.0
97,0bc06ffd-2b8f-4e9d-b4cb-f29509084020,9/3/2016 23:31,0,23151.0
98,0bc06ffd-2b8f-4e9d-b4cb-f29509084020,9/3/2016 22:31,0,23151.0
99,0bc06ffd-2b8f-4e9d-b4cb-f29509084020,9/3/2016 9:31,0,23151.0
100,0bc06ffd-2b8f-4e9d-b4cb-f29509084020,9/3/2016 8:31,0,23151.0
101,0bc06ffd-2b8f-4e9d-b4cb-f29509084020,9/3/2016 7:31,0,23151.0
102,0bc06ffd-2b8f-4e9d-b4cb-f29509084020,9/3/2016 6:31,0,23151.0
103,0bc06ffd-2b8f-4e9d-b4cb-f29509084020,8/3/2016 9:31,0,23151.0
104,0bc06ffd-2b8f-4e9d-b4cb-f29509084020,8/3/2016 8:31,0,23151.0
105,0bc06ffd-2b8f-4e9d-b4cb-f29509084020,8/3/2016 7:31,0,23151.0
106,0bc06ffd-2b8f-4e9d-b4cb-f29509084020,8/3/2016 6:31,0,23151.0
107,0bc06ffd-2b8f-4e9d-b4cb-f29509084020,7/3/2016 17:31,0,23151.0
108,0bc06ffd-2b8f-4e9d-b4cb-f29509084020,7/3/2016 16:31,0,23151.0
109,0bc06ffd-2b8f-4e9d-b4cb-f29509084020,7/3/2016 15:31,0,23151.0
110,0bc06ffd-2b8f-4e9d-b4cb-f29509084020,7/3/2016 14:31,0,23151.0
111,0bc06ffd-2b8f-4e9d-b4cb-f29509084020,7/3/2016 13:31,0,23151.0
112,0bc06ffd-2b8f-4e9d-b4cb-f29509084020,7/3/2016 12:31,0,23151.0
113,0bc06ffd-2b8f-4e9d-b4cb-f29509084020,7/3/2016 11:31,0,23151.0
114,0bc06ffd-2b8f-4e9d-b4cb-f29509084020,7/3/2016 10:31,0,23151.0
115,0bc06ffd-2b8f-4e9d-b4cb-f29509084020,5/3/2016 21:31,0,23151.0
116,0bc06ffd-2b8f-4e9d-b4cb-f29509084020,5/3/2016 20:31,0,23151.0
117,0bc06ffd-2b8f-4e9d-b4cb-f29509084020,5/3/2016 19:31,0,23151.0
118,0bc06ffd-2b8f-4e9d-b4cb-f29509084020,5/3/2016 18:31,0,23151.0
119,0bc06ffd-2b8f-4e9d-b4cb-f29509084020,5/3/2016 5:31,0,23151.0
120,0bc06ffd-2b8f-4e9d-b4cb-f29509084020,5/3/2016 4:31,0,23151.0
121,0bc06ffd-2b8f-4e9d-b4cb-f29509084020,5/3/2016 3:31,0,23151.0
122,0bc06ffd-2b8f-4e9d-b4cb-f29509084020,5/3/2016 2:31,0,23151.0
123,0bc06ffd-2b8f-4e9d-b4cb-f29509084020,4/3/2016 1:31,0,23151.0
124,0bc06ffd-2b8f-4e9d-b4cb-f29509084020,4/3/2016 0:31,0,23151.0
125,0bc06ffd-2b8f-4e9d-b4cb-f29509084020,3/3/2016 23:31,0,23151.0
126,0bc06ffd-2b8f-4e9d-b4cb-f29509084020,3/3/2016 22:31,0,23151.0
127,0bc06ffd-2b8f-4e9d-b4cb-f29509084020,2/3/2016 13:32,0,23151.0
128,0bc06ffd-2b8f-4e9d-b4cb-f29509084020,2/3/2016 12:32,0,23151.0
129,0bc06ffd-2b8f-4e9d-b4cb-f29509084020,2/3/2016 11:32,0,23151.0
130,0bc06ffd-2b8f-4e9d-b4cb-f29509084020,2/3/2016 10:32,0,23151.0
131,0bc06ffd-2b8f-4e9d-b4cb-f29509084020,2/3/2016 9:31,0,23151.0
132,0bc06ffd-2b8f-4e9d-b4cb-f29509084020,2/3/2016 8:31,0,23151.0
133,0bc06ffd-2b8f-4e9d-b4cb-f29509084020,2/3/2016 7:31,0,23151.0
134,0bc06ffd-2b8f-4e9d-b4cb-f29509084020,2/3/2016 6:31,0,23151.0
135,0bc06ffd-2b8f-4e9d-b4cb-f29509084020,2/3/2016 1:31,0,23151.0
136,0bc06ffd-2b8f-4e9d-b4cb-f29509084020,2/3/2016 0:31,0,23151.0
137,0bc06ffd-2b8f-4e9d-b4cb-f29509084020,1/3/2016 23:31,0,23151.0
138,0bc06ffd-2b8f-4e9d-b4cb-f29509084020,1/3/2016 22:31,0,23151.0
139,0bc06ffd-2b8f-4e9d-b4cb-f29509084020,28/02/2016 17:31:58,0,23151.0
140,0bc06ffd-2b8f-4e9d-b4cb-f29509084020,28/02/2016 16:31:58,0,23151.0
141,0bc06ffd-2b8f-4e9d-b4cb-f29509084020,28/02/2016 15:31:58,0,23151.0
142,0bc06ffd-2b8f-4e9d-b4cb-f29509084020,28/02/2016 14:31:58,0,23151.0
143,0bc06ffd-2b8f-4e9d-b4cb-f29509084020,25/02/2016 09:32:22,0,23151.0
144,0bc06ffd-2b8f-4e9d-b4cb-f29509084020,25/02/2016 08:32:22,0,23151.0
145,0bc06ffd-2b8f-4e9d-b4cb-f29509084020,25/02/2016 07:32:22,0,23151.0
146,0bc06ffd-2b8f-4e9d-b4cb-f29509084020,25/02/2016 06:32:22,0,23151.0
147,0bc06ffd-2b8f-4e9d-b4cb-f29509084020,23/01/2016 09:33:19,0,23151.0
148,0bc06ffd-2b8f-4e9d-b4cb-f29509084020,23/01/2016 08:33:19,0,23151.0
149,0bc06ffd-2b8f-4e9d-b4cb-f29509084020,23/01/2016 07:33:19,0,23151.0
150,0bc06ffd-2b8f-4e9d-b4cb-f29509084020,23/01/2016 06:33:19,0,23151.0
151,0bc06ffd-2b8f-4e9d-b4cb-f29509084020,8/1/2016 9:33,0,23151.0
152,0bc06ffd-2b8f-4e9d-b4cb-f29509084020,8/1/2016 8:33,0,23151.0
153,0bc06ffd-2b8f-4e9d-b4cb-f29509084020,8/1/2016 7:33,0,23151.0
154,0bc06ffd-2b8f-4e9d-b4cb-f29509084020,8/1/2016 6:33,0,23151.0
155,0bc06ffd-2b8f-4e9d-b4cb-f29509084020,7/12/2015 9:34,0,23151.0
156,0bc06ffd-2b8f-4e9d-b4cb-f29509084020,7/12/2015 8:34,0,23151.0
157,0bc06ffd-2b8f-4e9d-b4cb-f29509084020,7/12/2015 7:34,0,23151.0
158,0bc06ffd-2b8f-4e9d-b4cb-f29509084020,7/12/2015 6:34,0,23151.0
159,0bc06ffd-2b8f-4e9d-b4cb-f29509084020,1/12/2015 13:35,0,23151.0
160,0bc06ffd-2b8f-4e9d-b4cb-f29509084020,1/12/2015 12:35,0,23151.0
161,0bc06ffd-2b8f-4e9d-b4cb-f29509084020,1/12/2015 11:35,0,23151.0
162,0bc06ffd-2b8f-4e9d-b4cb-f29509084020,1/12/2015 10:35,0,23151.0
163,0bc06ffd-2b8f-4e9d-b4cb-f29509084020,1/12/2015 5:35,0,23151.0
164,0bc06ffd-2b8f-4e9d-b4cb-f29509084020,1/12/2015 4:35,0,23151.0
165,0bc06ffd-2b8f-4e9d-b4cb-f29509084020,1/12/2015 3:35,0,23151.0
166,0bc06ffd-2b8f-4e9d-b4cb-f29509084020,1/12/2015 2:35,0,23151.0
167,0bc06ffd-2b8f-4e9d-b4cb-f29509084020,1/12/2015 1:35,0,23151.0
168,0bc06ffd-2b8f-4e9d-b4cb-f29509084020,1/12/2015 0:35,0,23151.0
169,0bc06ffd-2b8f-4e9d-b4cb-f29509084020,30/11/2015 23:35:07,0,23151.0
170,0bc06ffd-2b8f-4e9d-b4cb-f29509084020,30/11/2015 22:35:07,0,23151.0
171,0bc06ffd-2b8f-4e9d-b4cb-f29509084020,30/11/2015 17:35:08,0,23151.0
172,0bc06ffd-2b8f-4e9d-b4cb-f29509084020,30/11/2015 16:35:08,0,23151.0
173,0bc06ffd-2b8f-4e9d-b4cb-f29509084020,30/11/2015 15:35:08,0,23151.0
174,0bc06ffd-2b8f-4e9d-b4cb-f29509084020,30/11/2015 14:35:08,0,23151.0
175,0bc06ffd-2b8f-4e9d-b4cb-f29509084020,30/11/2015 09:35:08,0,23151.0
176,0bc06ffd-2b8f-4e9d-b4cb-f29509084020,30/11/2015 08:35:08,0,23151.0
177,0bc06ffd-2b8f-4e9d-b4cb-f29509084020,30/11/2015 07:35:08,0,23151.0
178,0bc06ffd-2b8f-4e9d-b4cb-f29509084020,30/11/2015 06:35:08,0,23151.0
179,0bc06ffd-2b8f-4e9d-b4cb-f29509084020,30/11/2015 01:35:08,0,23151.0
180,0bc06ffd-2b8f-4e9d-b4cb-f29509084020,30/11/2015 00:35:08,0,23151.0
181,0bc06ffd-2b8f-4e9d-b4cb-f29509084020,29/11/2015 23:35:08,0,23151.0
182,0bc06ffd-2b8f-4e9d-b4cb-f29509084020,29/11/2015 22:35:08,0,23151.0
183,0bc06ffd-2b8f-4e9d-b4cb-f29509084020,29/11/2015 21:35:09,0,23151.0
184,0bc06ffd-2b8f-4e9d-b4cb-f29509084020,29/11/2015 20:35:09,0,23151.0
185,0bc06ffd-2b8f-4e9d-b4cb-f29509084020,29/11/2015 19:35:09,0,23151.0
186,0bc06ffd-2b8f-4e9d-b4cb-f29509084020,29/11/2015 18:35:09,0,23151.0
187,0bc06ffd-2b8f-4e9d-b4cb-f29509084020,29/11/2015 17:35:12,0,23151.0
188,0bc06ffd-2b8f-4e9d-b4cb-f29509084020,29/11/2015 16:35:12,0,23151.0
189,0bc06ffd-2b8f-4e9d-b4cb-f29509084020,29/11/2015 15:35:12,0,23151.0
190,0bc06ffd-2b8f-4e9d-b4cb-f29509084020,29/11/2015 14:35:12,0,23151.0
191,0bc06ffd-2b8f-4e9d-b4cb-f29509084020,29/11/2015 05:35:10,0,23151.0
192,0bc06ffd-2b8f-4e9d-b4cb-f29509084020,29/11/2015 04:35:10,0,23151.0
193,0bc06ffd-2b8f-4e9d-b4cb-f29509084020,29/11/2015 03:35:10,0,23151.0
194,0bc06ffd-2b8f-4e9d-b4cb-f29509084020,29/11/2015 02:35:10,0,23151.0
195,0bc06ffd-2b8f-4e9d-b4cb-f29509084020,28/11/2015 17:35:18,0,23151.0
196,0bc06ffd-2b8f-4e9d-b4cb-f29509084020,28/11/2015 16:35:18,0,23151.0
197,0bc06ffd-2b8f-4e9d-b4cb-f29509084020,28/11/2015 15:35:18,0,23151.0
198,0bc06ffd-2b8f-4e9d-b4cb-f29509084020,28/11/2015 14:35:18,0,23151.0
199,0bc06ffd-2b8f-4e9d-b4cb-f29509084020,28/11/2015 13:35:13,0,23151.0
200,0bc06ffd-2b8f-4e9d-b4cb-f29509084020,28/11/2015 12:35:13,0,23151.0
201,0bc06ffd-2b8f-4e9d-b4cb-f29509084020,28/11/2015 11:35:13,0,23151.0
202,0bc06ffd-2b8f-4e9d-b4cb-f29509084020,28/11/2015 10:35:13,0,23151.0
203,0bc06ffd-2b8f-4e9d-b4cb-f29509084020,27/11/2015 09:35:15,0,23151.0
204,0bc06ffd-2b8f-4e9d-b4cb-f29509084020,27/11/2015 08:35:15,0,23151.0
205,0bc06ffd-2b8f-4e9d-b4cb-f29509084020,27/11/2015 07:35:15,0,23151.0
206,0bc06ffd-2b8f-4e9d-b4cb-f29509084020,27/11/2015 06:35:15,0,23151.0
207,0bc06ffd-2b8f-4e9d-b4cb-f29509084020,14/11/2015 09:35:41,0,23151.0
208,0bc06ffd-2b8f-4e9d-b4cb-f29509084020,14/11/2015 08:35:41,0,23151.0
209,0bc06ffd-2b8f-4e9d-b4cb-f29509084020,14/11/2015 07:35:41,0,23151.0
210,0bc06ffd-2b8f-4e9d-b4cb-f29509084020,14/11/2015 06:35:41,0,23151.0
211,0bc06ffd-2b8f-4e9d-b4cb-f29509084020,5/11/2015 17:36,0,23151.0
212,0bc06ffd-2b8f-4e9d-b4cb-f29509084020,5/11/2015 16:36,0,23151.0
213,0bc06ffd-2b8f-4e9d-b4cb-f29509084020,5/11/2015 15:36,0,23151.0
214,0bc06ffd-2b8f-4e9d-b4cb-f29509084020,5/11/2015 14:36,0,23151.0
215,0bc06ffd-2b8f-4e9d-b4cb-f29509084020,1/11/2015 13:36,0,23151.0
216,0bc06ffd-2b8f-4e9d-b4cb-f29509084020,1/11/2015 12:36,0,23151.0
217,0bc06ffd-2b8f-4e9d-b4cb-f29509084020,1/11/2015 11:36,0,23151.0
218,0bc06ffd-2b8f-4e9d-b4cb-f29509084020,1/11/2015 10:36,0,23151.0
219,0bc06ffd-2b8f-4e9d-b4cb-f29509084020,31/10/2015 13:36:09,0,23151.0
220,0bc06ffd-2b8f-4e9d-b4cb-f29509084020,31/10/2015 12:36:09,0,23151.0
221,0bc06ffd-2b8f-4e9d-b4cb-f29509084020,31/10/2015 11:36:09,0,23151.0
222,0bc06ffd-2b8f-4e9d-b4cb-f29509084020,31/10/2015 10:36:09,0,23151.0
223,0bc06ffd-2b8f-4e9d-b4cb-f29509084020,31/10/2015 09:36:20,0,23151.0
224,0bc06ffd-2b8f-4e9d-b4cb-f29509084020,31/10/2015 08:36:20,0,23151.0
225,0bc06ffd-2b8f-4e9d-b4cb-f29509084020,31/10/2015 07:36:20,0,23151.0
226,0bc06ffd-2b8f-4e9d-b4cb-f29509084020,31/10/2015 06:36:20,0,23151.0
227,0bc06ffd-2b8f-4e9d-b4cb-f29509084020,30/10/2015 09:36:11,0,23151.0
228,0bc06ffd-2b8f-4e9d-b4cb-f29509084020,30/10/2015 08:36:11,0,23151.0
229,0bc06ffd-2b8f-4e9d-b4cb-f29509084020,30/10/2015 07:36:11,0,23151.0
230,0bc06ffd-2b8f-4e9d-b4cb-f29509084020,30/10/2015 06:36:11,0,23151.0
231,0bc06ffd-2b8f-4e9d-b4cb-f29509084020,23/10/2015 02:36:27,0,23151.0
232,0bc06ffd-2b8f-4e9d-b4cb-f29509084020,23/10/2015 01:36:27,0,23151.0
233,0bc06ffd-2b8f-4e9d-b4cb-f29509084020,23/10/2015 00:36:27,0,23151.0
234,0bc06ffd-2b8f-4e9d-b4cb-f29509084020,22/10/2015 23:36:27,0,23151.0
235,0bc06ffd-2b8f-4e9d-b4cb-f29509084020,22/10/2015 02:36:28,0,23151.0
236,0bc06ffd-2b8f-4e9d-b4cb-f29509084020,22/10/2015 01:36:28,0,23151.0
237,0bc06ffd-2b8f-4e9d-b4cb-f29509084020,22/10/2015 00:36:28,0,23151.0
238,0bc06ffd-2b8f-4e9d-b4cb-f29509084020,21/10/2015 23:36:28,0,23151.0
239,0bc06ffd-2b8f-4e9d-b4cb-f29509084020,12/10/2015 6:36,0,23151.0
240,0bc06ffd-2b8f-4e9d-b4cb-f29509084020,12/10/2015 5:36,0,23151.0
241,0bc06ffd-2b8f-4e9d-b4cb-f29509084020,12/10/2015 4:36,0,23151.0
242,0bc06ffd-2b8f-4e9d-b4cb-f29509084020,12/10/2015 3:36,0,23151.0
243,0bc06ffd-2b8f-4e9d-b4cb-f29509084020,10/10/2015 14:36,0,23151.0
244,0bc06ffd-2b8f-4e9d-b4cb-f29509084020,10/10/2015 13:36,0,23151.0
245,0bc06ffd-2b8f-4e9d-b4cb-f29509084020,10/10/2015 12:36,0,23151.0
246,0bc06ffd-2b8f-4e9d-b4cb-f29509084020,10/10/2015 11:36,0,23151.0
247,0bc06ffd-2b8f-4e9d-b4cb-f29509084020,10/10/2015 10:36,0,23151.0
248,0bc06ffd-2b8f-4e9d-b4cb-f29509084020,10/10/2015 9:36,0,23151.0
249,0bc06ffd-2b8f-4e9d-b4cb-f29509084020,10/10/2015 8:36,0,23151.0
250,0bc06ffd-2b8f-4e9d-b4cb-f29509084020,10/10/2015 7:36,0,23151.0
251,0bc06ffd-2b8f-4e9d-b4cb-f29509084020,10/10/2015 6:36,0,23151.0
252,0bc06ffd-2b8f-4e9d-b4cb-f29509084020,10/10/2015 5:36,0,23151.0
253,0bc06ffd-2b8f-4e9d-b4cb-f29509084020,10/10/2015 4:36,0,23151.0
254,0bc06ffd-2b8f-4e9d-b4cb-f29509084020,10/10/2015 3:36,0,23151.0
255,0bc06ffd-2b8f-4e9d-b4cb-f29509084020,10/10/2015 2:36,0,23151.0
256,0bc06ffd-2b8f-4e9d-b4cb-f29509084020,10/10/2015 1:36,0,23151.0
257,0bc06ffd-2b8f-4e9d-b4cb-f29509084020,10/10/2015 0:36,0,23151.0
258,0bc06ffd-2b8f-4e9d-b4cb-f29509084020,9/10/2015 23:36,0,23151.0
259,0bc06ffd-2b8f-4e9d-b4cb-f29509084020,3/10/2015 10:37,0,23151.0
260,0bc06ffd-2b8f-4e9d-b4cb-f29509084020,3/10/2015 9:37,0,23151.0
261,0bc06ffd-2b8f-4e9d-b4cb-f29509084020,3/10/2015 8:37,0,23151.0
262,0bc06ffd-2b8f-4e9d-b4cb-f29509084020,3/10/2015 7:37,0,23151.0
263,0bc06ffd-2b8f-4e9d-b4cb-f29509084020,2/10/2015 14:37,0,23151.0
264,0bc06ffd-2b8f-4e9d-b4cb-f29509084020,2/10/2015 13:37,0,23151.0
265,0bc06ffd-2b8f-4e9d-b4cb-f29509084020,2/10/2015 12:37,0,23151.0
266,0bc06ffd-2b8f-4e9d-b4cb-f29509084020,2/10/2015 11:37,0,23151.0
267,0bc06ffd-2b8f-4e9d-b4cb-f29509084020,30/09/2015 06:37:16,0,23151.0
268,0bc06ffd-2b8f-4e9d-b4cb-f29509084020,30/09/2015 05:37:16,0,23151.0
269,0bc06ffd-2b8f-4e9d-b4cb-f29509084020,30/09/2015 04:37:16,0,23151.0
270,0bc06ffd-2b8f-4e9d-b4cb-f29509084020,30/09/2015 03:37:16,0,23151.0
271,0bc06ffd-2b8f-4e9d-b4cb-f29509084020,29/09/2015 02:37:21,0,23151.0
272,0bc06ffd-2b8f-4e9d-b4cb-f29509084020,29/09/2015 01:37:21,0,23151.0
273,0bc06ffd-2b8f-4e9d-b4cb-f29509084020,29/09/2015 00:37:21,0,23151.0
274,0bc06ffd-2b8f-4e9d-b4cb-f29509084020,28/09/2015 23:37:21,0,23151.0
275,0bc06ffd-2b8f-4e9d-b4cb-f29509084020,25/09/2015 06:37:26,0,23151.0
276,0bc06ffd-2b8f-4e9d-b4cb-f29509084020,25/09/2015 05:37:26,0,23151.0
277,0bc06ffd-2b8f-4e9d-b4cb-f29509084020,25/09/2015 04:37:26,0,23151.0
278,0bc06ffd-2b8f-4e9d-b4cb-f29509084020,25/09/2015 03:37:26,0,23151.0
279,0bc06ffd-2b8f-4e9d-b4cb-f29509084020,24/09/2015 22:37:30,0,23151.0
280,0bc06ffd-2b8f-4e9d-b4cb-f29509084020,24/09/2015 21:37:30,0,23151.0
281,0bc06ffd-2b8f-4e9d-b4cb-f29509084020,24/09/2015 20:37:30,0,23151.0
282,0bc06ffd-2b8f-4e9d-b4cb-f29509084020,24/09/2015 19:37:30,0,23151.0
283,0bc06ffd-2b8f-4e9d-b4cb-f29509084020,19/09/2015 14:37:39,0,23151.0
284,0bc06ffd-2b8f-4e9d-b4cb-f29509084020,19/09/2015 13:37:39,0,23151.0
285,0bc06ffd-2b8f-4e9d-b4cb-f29509084020,19/09/2015 12:37:39,0,23151.0
286,0bc06ffd-2b8f-4e9d-b4cb-f29509084020,19/09/2015 11:37:39,0,23151.0
287,0bc06ffd-2b8f-4e9d-b4cb-f29509084020,5/9/2015 14:38,0,23151.0
288,0bc06ffd-2b8f-4e9d-b4cb-f29509084020,5/9/2015 13:38,0,23151.0
289,0bc06ffd-2b8f-4e9d-b4cb-f29509084020,5/9/2015 12:38,0,23151.0
290,0bc06ffd-2b8f-4e9d-b4cb-f29509084020,5/9/2015 11:38,0,23151.0
291,0bc06ffd-2b8f-4e9d-b4cb-f29509084020,5/9/2015 2:38,0,23151.0
292,0bc06ffd-2b8f-4e9d-b4cb-f29509084020,5/9/2015 1:38,0,23151.0
293,0bc06ffd-2b8f-4e9d-b4cb-f29509084020,5/9/2015 0:38,0,23151.0
294,0bc06ffd-2b8f-4e9d-b4cb-f29509084020,4/9/2015 23:38,0,23151.0
295,0bc06ffd-2b8f-4e9d-b4cb-f29509084020,4/9/2015 18:38,0,23151.0
296,0bc06ffd-2b8f-4e9d-b4cb-f29509084020,4/9/2015 17:38,0,23151.0
297,0bc06ffd-2b8f-4e9d-b4cb-f29509084020,4/9/2015 16:38,0,23151.0
298,0bc06ffd-2b8f-4e9d-b4cb-f29509084020,4/9/2015 15:38,0,23151.0
299,0bc06ffd-2b8f-4e9d-b4cb-f29509084020,4/9/2015 10:38,0,23151.0
300,0bc06ffd-2b8f-4e9d-b4cb-f29509084020,4/9/2015 9:38,0,23151.0
301,0bc06ffd-2b8f-4e9d-b4cb-f29509084020,4/9/2015 8:38,0,23151.0
302,0bc06ffd-2b8f-4e9d-b4cb-f29509084020,4/9/2015 7:38,0,23151.0
303,0bc06ffd-2b8f-4e9d-b4cb-f29509084020,3/9/2015 10:38,0,23151.0
304,0bc06ffd-2b8f-4e9d-b4cb-f29509084020,3/9/2015 9:38,0,23151.0
305,0bc06ffd-2b8f-4e9d-b4cb-f29509084020,3/9/2015 8:38,0,23151.0
306,0bc06ffd-2b8f-4e9d-b4cb-f29509084020,3/9/2015 7:38,0,23151.0
307,0bc06ffd-2b8f-4e9d-b4cb-f29509084020,2/9/2015 2:38,0,23151.0
308,0bc06ffd-2b8f-4e9d-b4cb-f29509084020,2/9/2015 1:38,0,23151.0
309,0bc06ffd-2b8f-4e9d-b4cb-f29509084020,2/9/2015 0:38,0,23151.0
310,0bc06ffd-2b8f-4e9d-b4cb-f29509084020,1/9/2015 23:38,26,23151.0
311,0bc06ffd-2b8f-4e9d-b4cb-f29509084020,1/9/2015 10:38,0,23125.0
312,0bc06ffd-2b8f-4e9d-b4cb-f29509084020,1/9/2015 9:38,0,23125.0
313,0bc06ffd-2b8f-4e9d-b4cb-f29509084020,1/9/2015 8:38,0,23125.0
314,0bc06ffd-2b8f-4e9d-b4cb-f29509084020,1/9/2015 7:38,4,23125.0
315,0bc06ffd-2b8f-4e9d-b4cb-f29509084020,29/08/2015 06:38:26,0,23121.0
316,0bc06ffd-2b8f-4e9d-b4cb-f29509084020,29/08/2015 05:38:26,0,23121.0
317,0bc06ffd-2b8f-4e9d-b4cb-f29509084020,29/08/2015 04:38:26,0,23121.0
318,0bc06ffd-2b8f-4e9d-b4cb-f29509084020,29/08/2015 03:38:26,21,23121.0
319,0bc06ffd-2b8f-4e9d-b4cb-f29509084020,27/08/2015 06:38:28,0,23100.0
320,0bc06ffd-2b8f-4e9d-b4cb-f29509084020,27/08/2015 05:38:28,0,23100.0
321,0bc06ffd-2b8f-4e9d-b4cb-f29509084020,27/08/2015 04:38:28,0,23100.0
322,0bc06ffd-2b8f-4e9d-b4cb-f29509084020,27/08/2015 03:38:28,35,23100.0
323,0bc06ffd-2b8f-4e9d-b4cb-f29509084020,23/08/2015 18:38:35,0,23065.0
324,0bc06ffd-2b8f-4e9d-b4cb-f29509084020,23/08/2015 17:38:35,0,23065.0
325,0bc06ffd-2b8f-4e9d-b4cb-f29509084020,23/08/2015 16:38:35,0,23065.0
326,0bc06ffd-2b8f-4e9d-b4cb-f29509084020,23/08/2015 15:38:35,69,23065.0
327,0bc06ffd-2b8f-4e9d-b4cb-f29509084020,17/08/2015 02:38:50,0,22996.0
328,0bc06ffd-2b8f-4e9d-b4cb-f29509084020,17/08/2015 01:38:50,1,22996.0
329,0bc06ffd-2b8f-4e9d-b4cb-f29509084020,17/08/2015 00:38:50,0,22995.0
330,0bc06ffd-2b8f-4e9d-b4cb-f29509084020,16/08/2015 23:38:50,11,22995.0
331,0bc06ffd-2b8f-4e9d-b4cb-f29509084020,14/08/2015 10:38:57,0,22984.0
332,0bc06ffd-2b8f-4e9d-b4cb-f29509084020,14/08/2015 09:38:57,0,22984.0
333,0bc06ffd-2b8f-4e9d-b4cb-f29509084020,14/08/2015 08:38:57,0,22984.0
334,0bc06ffd-2b8f-4e9d-b4cb-f29509084020,14/08/2015 07:38:57,5093,22984.0
335,0bc06ffd-2b8f-4e9d-b4cb-f29509084020,3/7/2015 2:40,0,17891.0
336,0bc06ffd-2b8f-4e9d-b4cb-f29509084020,3/7/2015 1:40,0,17891.0
337,0bc06ffd-2b8f-4e9d-b4cb-f29509084020,3/7/2015 0:40,0,17891.0
338,0bc06ffd-2b8f-4e9d-b4cb-f29509084020,2/7/2015 23:40,0,17891.0
339,0bc06ffd-2b8f-4e9d-b4cb-f29509084020,2/7/2015 10:40,0,17891.0
340,0bc06ffd-2b8f-4e9d-b4cb-f29509084020,2/7/2015 9:40,0,17891.0
341,0bc06ffd-2b8f-4e9d-b4cb-f29509084020,2/7/2015 8:40,0,17891.0
342,0bc06ffd-2b8f-4e9d-b4cb-f29509084020,2/7/2015 7:40,0,17891.0
343,0bc06ffd-2b8f-4e9d-b4cb-f29509084020,1/7/2015 14:40,0,17891.0
344,0bc06ffd-2b8f-4e9d-b4cb-f29509084020,1/7/2015 13:40,10,17891.0
345,0bc06ffd-2b8f-4e9d-b4cb-f29509084020,1/7/2015 12:40,0,17881.0
346,0bc06ffd-2b8f-4e9d-b4cb-f29509084020,1/7/2015 11:40,0,17881.0
347,0bc06ffd-2b8f-4e9d-b4cb-f29509084020,1/7/2015 2:40,0,17881.0
348,0bc06ffd-2b8f-4e9d-b4cb-f29509084020,1/7/2015 1:40,0,17881.0
349,0bc06ffd-2b8f-4e9d-b4cb-f29509084020,1/7/2015 0:40,0,17881.0
350,0bc06ffd-2b8f-4e9d-b4cb-f29509084020,30/06/2015 23:40:26,774,17881.0
351,0bc06ffd-2b8f-4e9d-b4cb-f29509084020,30/06/2015 06:40:36,32,17107.0
352,0bc06ffd-2b8f-4e9d-b4cb-f29509084020,30/06/2015 05:40:36,32,17075.0
353,0bc06ffd-2b8f-4e9d-b4cb-f29509084020,30/06/2015 04:40:36,32,17043.0
354,0bc06ffd-2b8f-4e9d-b4cb-f29509084020,30/06/2015 03:40:36,289,17011.0
355,0bc06ffd-2b8f-4e9d-b4cb-f29509084020,29/06/2015 18:40:27,32,16722.0
356,0bc06ffd-2b8f-4e9d-b4cb-f29509084020,29/06/2015 17:40:27,32,16690.0
357,0bc06ffd-2b8f-4e9d-b4cb-f29509084020,29/06/2015 16:40:27,31,16658.0
358,0bc06ffd-2b8f-4e9d-b4cb-f29509084020,29/06/2015 15:40:27,411,16627.0
359,0bc06ffd-2b8f-4e9d-b4cb-f29509084020,29/06/2015 02:40:30,32,16216.0
360,0bc06ffd-2b8f-4e9d-b4cb-f29509084020,29/06/2015 01:40:30,33,16184.0
361,0bc06ffd-2b8f-4e9d-b4cb-f29509084020,29/06/2015 00:40:30,32,16151.0
362,0bc06ffd-2b8f-4e9d-b4cb-f29509084020,28/06/2015 23:40:30,2076,16119.0
363,0bc06ffd-2b8f-4e9d-b4cb-f29509084020,26/06/2015 06:40:47,0,14043.0
364,0bc06ffd-2b8f-4e9d-b4cb-f29509084020,26/06/2015 05:40:47,0,14043.0
365,0bc06ffd-2b8f-4e9d-b4cb-f29509084020,26/06/2015 04:40:47,0,14043.0
366,0bc06ffd-2b8f-4e9d-b4cb-f29509084020,26/06/2015 03:40:47,118,14043.0
367,0bc06ffd-2b8f-4e9d-b4cb-f29509084020,25/06/2015 06:40:57,0,13925.0
368,0bc06ffd-2b8f-4e9d-b4cb-f29509084020,25/06/2015 05:40:57,0,13925.0
369,0bc06ffd-2b8f-4e9d-b4cb-f29509084020,25/06/2015 04:40:57,0,13925.0
370,0bc06ffd-2b8f-4e9d-b4cb-f29509084020,25/06/2015 03:40:57,0,13925.0
371,0bc06ffd-2b8f-4e9d-b4cb-f29509084020,24/06/2015 14:40:41,0,13925.0
372,0bc06ffd-2b8f-4e9d-b4cb-f29509084020,24/06/2015 13:40:41,0,13925.0
373,0bc06ffd-2b8f-4e9d-b4cb-f29509084020,24/06/2015 12:40:41,0,13925.0
374,0bc06ffd-2b8f-4e9d-b4cb-f29509084020,24/06/2015 11:40:41,0,13925.0
375,0bc06ffd-2b8f-4e9d-b4cb-f29509084020,24/06/2015 06:40:46,0,13925.0
376,0bc06ffd-2b8f-4e9d-b4cb-f29509084020,24/06/2015 05:40:46,0,13925.0
377,0bc06ffd-2b8f-4e9d-b4cb-f29509084020,24/06/2015 04:40:46,0,13925.0
378,0bc06ffd-2b8f-4e9d-b4cb-f29509084020,24/06/2015 03:40:46,0,13925.0
379,0bc06ffd-2b8f-4e9d-b4cb-f29509084020,23/06/2015 14:40:50,0,13925.0
380,0bc06ffd-2b8f-4e9d-b4cb-f29509084020,23/06/2015 13:40:50,0,13925.0
381,0bc06ffd-2b8f-4e9d-b4cb-f29509084020,23/06/2015 12:40:50,0,13925.0
382,0bc06ffd-2b8f-4e9d-b4cb-f29509084020,23/06/2015 11:40:50,0,13925.0
383,0bc06ffd-2b8f-4e9d-b4cb-f29509084020,23/06/2015 02:40:42,0,13925.0
384,0bc06ffd-2b8f-4e9d-b4cb-f29509084020,23/06/2015 01:40:42,0,13925.0
385,0bc06ffd-2b8f-4e9d-b4cb-f29509084020,23/06/2015 00:40:42,0,13925.0
386,0bc06ffd-2b8f-4e9d-b4cb-f29509084020,22/06/2015 23:40:42,0,13925.0
387,0bc06ffd-2b8f-4e9d-b4cb-f29509084020,22/06/2015 18:40:51,0,13925.0
388,0bc06ffd-2b8f-4e9d-b4cb-f29509084020,22/06/2015 17:40:51,0,13925.0
389,0bc06ffd-2b8f-4e9d-b4cb-f29509084020,22/06/2015 16:40:51,0,13925.0
390,0bc06ffd-2b8f-4e9d-b4cb-f29509084020,22/06/2015 15:40:51,0,13925.0
391,0bc06ffd-2b8f-4e9d-b4cb-f29509084020,22/06/2015 14:40:45,0,13925.0
392,0bc06ffd-2b8f-4e9d-b4cb-f29509084020,22/06/2015 13:40:45,0,13925.0
393,0bc06ffd-2b8f-4e9d-b4cb-f29509084020,22/06/2015 12:40:45,0,13925.0
394,0bc06ffd-2b8f-4e9d-b4cb-f29509084020,22/06/2015 11:40:45,0,13925.0
395,0bc06ffd-2b8f-4e9d-b4cb-f29509084020,22/06/2015 10:40:48,0,13925.0
396,0bc06ffd-2b8f-4e9d-b4cb-f29509084020,22/06/2015 09:40:48,0,13925.0
397,0bc06ffd-2b8f-4e9d-b4cb-f29509084020,22/06/2015 08:40:48,0,13925.0
398,0bc06ffd-2b8f-4e9d-b4cb-f29509084020,22/06/2015 07:40:48,0,13925.0
399,0bc06ffd-2b8f-4e9d-b4cb-f29509084020,22/06/2015 06:40:53,0,13925.0
400,0bc06ffd-2b8f-4e9d-b4cb-f29509084020,22/06/2015 05:40:53,0,13925.0
401,0bc06ffd-2b8f-4e9d-b4cb-f29509084020,22/06/2015 04:40:53,0,13925.0
402,0bc06ffd-2b8f-4e9d-b4cb-f29509084020,22/06/2015 03:40:53,0,13925.0
403,0bc06ffd-2b8f-4e9d-b4cb-f29509084020,21/06/2015 22:40:49,0,13925.0
404,0bc06ffd-2b8f-4e9d-b4cb-f29509084020,21/06/2015 21:40:49,0,13925.0
405,0bc06ffd-2b8f-4e9d-b4cb-f29509084020,21/06/2015 20:40:49,0,13925.0
406,0bc06ffd-2b8f-4e9d-b4cb-f29509084020,21/06/2015 19:40:49,35,13925.0
407,0bc06ffd-2b8f-4e9d-b4cb-f29509084020,16/06/2015 14:40:57,0,13890.0
408,0bc06ffd-2b8f-4e9d-b4cb-f29509084020,16/06/2015 13:40:57,0,13890.0
409,0bc06ffd-2b8f-4e9d-b4cb-f29509084020,16/06/2015 12:40:57,13,13890.0
410,0bc06ffd-2b8f-4e9d-b4cb-f29509084020,16/06/2015 11:40:57,0,13877.0
411,0bc06ffd-2b8f-4e9d-b4cb-f29509084020,16/06/2015 02:40:59,0,13877.0
412,0bc06ffd-2b8f-4e9d-b4cb-f29509084020,16/06/2015 01:40:59,0,13877.0
413,0bc06ffd-2b8f-4e9d-b4cb-f29509084020,16/06/2015 00:40:59,0,13877.0
414,0bc06ffd-2b8f-4e9d-b4cb-f29509084020,15/06/2015 23:40:59,1,13877.0
415,0bc06ffd-2b8f-4e9d-b4cb-f29509084020,15/06/2015 14:40:57,0,13876.0
416,0bc06ffd-2b8f-4e9d-b4cb-f29509084020,15/06/2015 13:40:57,16,13876.0
417,0bc06ffd-2b8f-4e9d-b4cb-f29509084020,15/06/2015 12:40:57,0,13860.0
418,0bc06ffd-2b8f-4e9d-b4cb-f29509084020,15/06/2015 11:40:57,0,13860.0
419,0bc06ffd-2b8f-4e9d-b4cb-f29509084020,15/06/2015 06:41:24,0,13860.0
420,0bc06ffd-2b8f-4e9d-b4cb-f29509084020,15/06/2015 05:41:24,0,13860.0
421,0bc06ffd-2b8f-4e9d-b4cb-f29509084020,15/06/2015 04:41:24,0,13860.0
422,0bc06ffd-2b8f-4e9d-b4cb-f29509084020,15/06/2015 03:41:24,0,13860.0
423,0bc06ffd-2b8f-4e9d-b4cb-f29509084020,13/06/2015 06:41:10,0,13860.0
424,0bc06ffd-2b8f-4e9d-b4cb-f29509084020,13/06/2015 05:41:10,0,13860.0
425,0bc06ffd-2b8f-4e9d-b4cb-f29509084020,13/06/2015 04:41:10,0,13860.0
426,0bc06ffd-2b8f-4e9d-b4cb-f29509084020,13/06/2015 03:41:10,0,13860.0
427,0bc06ffd-2b8f-4e9d-b4cb-f29509084020,12/6/2015 21:41,0,13860.0
428,0bc06ffd-2b8f-4e9d-b4cb-f29509084020,12/6/2015 20:41,0,13860.0
429,0bc06ffd-2b8f-4e9d-b4cb-f29509084020,12/6/2015 19:41,0,13860.0
430,0bc06ffd-2b8f-4e9d-b4cb-f29509084020,12/6/2015 18:41,7,13860.0
431,0bc06ffd-2b8f-4e9d-b4cb-f29509084020,12/6/2015 9:41,0,13853.0
432,0bc06ffd-2b8f-4e9d-b4cb-f29509084020,12/6/2015 8:41,0,13853.0
433,0bc06ffd-2b8f-4e9d-b4cb-f29509084020,12/6/2015 7:41,12,13853.0
434,0bc06ffd-2b8f-4e9d-b4cb-f29509084020,12/6/2015 6:41,0,13841.0
435,0bc06ffd-2b8f-4e9d-b4cb-f29509084020,10/6/2015 6:41,0,13841.0
436,0bc06ffd-2b8f-4e9d-b4cb-f29509084020,10/6/2015 5:41,0,13841.0
437,0bc06ffd-2b8f-4e9d-b4cb-f29509084020,10/6/2015 4:41,0,13841.0
438,0bc06ffd-2b8f-4e9d-b4cb-f29509084020,10/6/2015 3:41,0,13841.0
439,0bc06ffd-2b8f-4e9d-b4cb-f29509084020,10/6/2015 2:41,0,13841.0
440,0bc06ffd-2b8f-4e9d-b4cb-f29509084020,10/6/2015 1:41,0,13841.0
441,0bc06ffd-2b8f-4e9d-b4cb-f29509084020,10/6/2015 0:41,0,13841.0
442,0bc06ffd-2b8f-4e9d-b4cb-f29509084020,9/6/2015 23:41,16,13841.0
443,0bc06ffd-2b8f-4e9d-b4cb-f29509084020,9/6/2015 14:41,0,13825.0
444,0bc06ffd-2b8f-4e9d-b4cb-f29509084020,9/6/2015 13:41,0,13825.0
445,0bc06ffd-2b8f-4e9d-b4cb-f29509084020,9/6/2015 12:41,0,13825.0
446,0bc06ffd-2b8f-4e9d-b4cb-f29509084020,9/6/2015 11:41,0,13825.0
447,0bc06ffd-2b8f-4e9d-b4cb-f29509084020,9/6/2015 6:41,0,13825.0
448,0bc06ffd-2b8f-4e9d-b4cb-f29509084020,9/6/2015 5:41,0,13825.0
449,0bc06ffd-2b8f-4e9d-b4cb-f29509084020,9/6/2015 4:41,0,13825.0
450,0bc06ffd-2b8f-4e9d-b4cb-f29509084020,9/6/2015 3:41,0,13825.0
451,0bc06ffd-2b8f-4e9d-b4cb-f29509084020,8/6/2015 14:41,0,13825.0
452,0bc06ffd-2b8f-4e9d-b4cb-f29509084020,8/6/2015 13:41,0,13825.0
453,0bc06ffd-2b8f-4e9d-b4cb-f29509084020,8/6/2015 12:41,0,13825.0
454,0bc06ffd-2b8f-4e9d-b4cb-f29509084020,8/6/2015 11:41,0,13825.0
455,0bc06ffd-2b8f-4e9d-b4cb-f29509084020,8/6/2015 6:41,0,13825.0
456,0bc06ffd-2b8f-4e9d-b4cb-f29509084020,8/6/2015 5:41,0,13825.0
457,0bc06ffd-2b8f-4e9d-b4cb-f29509084020,8/6/2015 4:41,0,13825.0
458,0bc06ffd-2b8f-4e9d-b4cb-f29509084020,8/6/2015 3:41,0,13825.0
459,0bc06ffd-2b8f-4e9d-b4cb-f29509084020,7/6/2015 14:41,0,13825.0
460,0bc06ffd-2b8f-4e9d-b4cb-f29509084020,7/6/2015 13:41,0,13825.0
461,0bc06ffd-2b8f-4e9d-b4cb-f29509084020,7/6/2015 12:41,0,13825.0
462,0bc06ffd-2b8f-4e9d-b4cb-f29509084020,7/6/2015 11:41,0,13825.0
463,0bc06ffd-2b8f-4e9d-b4cb-f29509084020,6/6/2015 18:41,0,13825.0
464,0bc06ffd-2b8f-4e9d-b4cb-f29509084020,6/6/2015 17:41,0,13825.0
465,0bc06ffd-2b8f-4e9d-b4cb-f29509084020,6/6/2015 16:41,0,13825.0
466,0bc06ffd-2b8f-4e9d-b4cb-f29509084020,6/6/2015 15:41,0,13825.0
467,0bc06ffd-2b8f-4e9d-b4cb-f29509084020,6/6/2015 6:41,0,13825.0
468,0bc06ffd-2b8f-4e9d-b4cb-f29509084020,6/6/2015 5:41,0,13825.0
469,0bc06ffd-2b8f-4e9d-b4cb-f29509084020,6/6/2015 4:41,0,13825.0
470,0bc06ffd-2b8f-4e9d-b4cb-f29509084020,6/6/2015 3:41,0,13825.0
471,0bc06ffd-2b8f-4e9d-b4cb-f29509084020,6/6/2015 2:41,0,13825.0
472,0bc06ffd-2b8f-4e9d-b4cb-f29509084020,6/6/2015 1:41,0,13825.0
473,0bc06ffd-2b8f-4e9d-b4cb-f29509084020,6/6/2015 0:41,0,13825.0
474,0bc06ffd-2b8f-4e9d-b4cb-f29509084020,5/6/2015 23:41,0,13825.0
475,0bc06ffd-2b8f-4e9d-b4cb-f29509084020,5/6/2015 10:41,0,13825.0
476,0bc06ffd-2b8f-4e9d-b4cb-f29509084020,5/6/2015 9:41,0,13825.0
477,0bc06ffd-2b8f-4e9d-b4cb-f29509084020,5/6/2015 8:41,0,13825.0
478,0bc06ffd-2b8f-4e9d-b4cb-f29509084020,5/6/2015 7:41,0,13825.0
479,0bc06ffd-2b8f-4e9d-b4cb-f29509084020,5/6/2015 6:41,0,13825.0
480,0bc06ffd-2b8f-4e9d-b4cb-f29509084020,5/6/2015 5:41,0,13825.0
481,0bc06ffd-2b8f-4e9d-b4cb-f29509084020,5/6/2015 4:41,0,13825.0
482,0bc06ffd-2b8f-4e9d-b4cb-f29509084020,5/6/2015 3:41,0,13825.0
483,0bc06ffd-2b8f-4e9d-b4cb-f29509084020,5/6/2015 2:41,0,13825.0
484,0bc06ffd-2b8f-4e9d-b4cb-f29509084020,5/6/2015 1:41,0,13825.0
485,0bc06ffd-2b8f-4e9d-b4cb-f29509084020,5/6/2015 0:41,0,13825.0
486,0bc06ffd-2b8f-4e9d-b4cb-f29509084020,4/6/2015 23:41,0,13825.0
487,0bc06ffd-2b8f-4e9d-b4cb-f29509084020,4/6/2015 22:41,0,13825.0
488,0bc06ffd-2b8f-4e9d-b4cb-f29509084020,4/6/2015 21:41,0,13825.0
489,0bc06ffd-2b8f-4e9d-b4cb-f29509084020,4/6/2015 20:41,9,13825.0
490,0bc06ffd-2b8f-4e9d-b4cb-f29509084020,4/6/2015 19:41,18,13816.0
491,0bc06ffd-2b8f-4e9d-b4cb-f29509084020,3/6/2015 6:41,0,13798.0
492,0bc06ffd-2b8f-4e9d-b4cb-f29509084020,3/6/2015 5:41,0,13798.0
493,0bc06ffd-2b8f-4e9d-b4cb-f29509084020,3/6/2015 4:41,0,13798.0
494,0bc06ffd-2b8f-4e9d-b4cb-f29509084020,3/6/2015 3:41,0,13798.0
495,0bc06ffd-2b8f-4e9d-b4cb-f29509084020,2/6/2015 22:41,0,13798.0
496,0bc06ffd-2b8f-4e9d-b4cb-f29509084020,2/6/2015 21:41,0,13798.0
497,0bc06ffd-2b8f-4e9d-b4cb-f29509084020,2/6/2015 20:41,0,13798.0
498,0bc06ffd-2b8f-4e9d-b4cb-f29509084020,2/6/2015 19:41,34,13798.0
499,0bc06ffd-2b8f-4e9d-b4cb-f29509084020,1/6/2015 14:41,0,13764.0
500,0bc06ffd-2b8f-4e9d-b4cb-f29509084020,1/6/2015 13:41,0,13764.0
501,0bc06ffd-2b8f-4e9d-b4cb-f29509084020,1/6/2015 12:41,0,13764.0
502,0bc06ffd-2b8f-4e9d-b4cb-f29509084020,1/6/2015 11:41,0,13764.0
503,0bc06ffd-2b8f-4e9d-b4cb-f29509084020,1/6/2015 2:41,0,13764.0
504,0bc06ffd-2b8f-4e9d-b4cb-f29509084020,1/6/2015 1:41,0,13764.0
505,0bc06ffd-2b8f-4e9d-b4cb-f29509084020,1/6/2015 0:41,0,13764.0
506,0bc06ffd-2b8f-4e9d-b4cb-f29509084020,31/05/2015 23:41:30,0,13764.0
507,0bc06ffd-2b8f-4e9d-b4cb-f29509084020,31/05/2015 14:41:30,0,13764.0
508,0bc06ffd-2b8f-4e9d-b4cb-f29509084020,31/05/2015 13:41:30,0,13764.0
509,0bc06ffd-2b8f-4e9d-b4cb-f29509084020,31/05/2015 12:41:30,0,13764.0
510,0bc06ffd-2b8f-4e9d-b4cb-f29509084020,31/05/2015 11:41:30,0,13764.0
511,0bc06ffd-2b8f-4e9d-b4cb-f29509084020,31/05/2015 02:41:32,0,13764.0
512,0bc06ffd-2b8f-4e9d-b4cb-f29509084020,31/05/2015 01:41:32,0,13764.0
513,0bc06ffd-2b8f-4e9d-b4cb-f29509084020,31/05/2015 00:41:32,0,13764.0
514,0bc06ffd-2b8f-4e9d-b4cb-f29509084020,30/05/2015 23:41:32,0,13764.0
515,0bc06ffd-2b8f-4e9d-b4cb-f29509084020,30/05/2015 06:42:12,0,13764.0
516,0bc06ffd-2b8f-4e9d-b4cb-f29509084020,30/05/2015 05:42:12,0,13764.0
517,0bc06ffd-2b8f-4e9d-b4cb-f29509084020,30/05/2015 04:42:12,0,13764.0
518,0bc06ffd-2b8f-4e9d-b4cb-f29509084020,30/05/2015 03:42:12,19,13764.0
519,0bc06ffd-2b8f-4e9d-b4cb-f29509084020,29/05/2015 10:41:36,0,13745.0
520,0bc06ffd-2b8f-4e9d-b4cb-f29509084020,29/05/2015 09:41:36,0,13745.0
521,0bc06ffd-2b8f-4e9d-b4cb-f29509084020,29/05/2015 08:41:36,0,13745.0
522,0bc06ffd-2b8f-4e9d-b4cb-f29509084020,29/05/2015 07:41:36,0,13745.0
523,0bc06ffd-2b8f-4e9d-b4cb-f29509084020,29/05/2015 02:41:36,0,13745.0
524,0bc06ffd-2b8f-4e9d-b4cb-f29509084020,29/05/2015 01:41:36,0,13745.0
525,0bc06ffd-2b8f-4e9d-b4cb-f29509084020,29/05/2015 00:41:36,0,13745.0
526,0bc06ffd-2b8f-4e9d-b4cb-f29509084020,28/05/2015 23:41:36,0,13745.0
527,0bc06ffd-2b8f-4e9d-b4cb-f29509084020,28/05/2015 18:41:54,0,13745.0
528,0bc06ffd-2b8f-4e9d-b4cb-f29509084020,28/05/2015 17:41:54,0,13745.0
529,0bc06ffd-2b8f-4e9d-b4cb-f29509084020,28/05/2015 16:41:54,0,13745.0
530,0bc06ffd-2b8f-4e9d-b4cb-f29509084020,28/05/2015 15:41:54,0,13745.0
531,0bc06ffd-2b8f-4e9d-b4cb-f29509084020,28/05/2015 06:42:02,0,13745.0
532,0bc06ffd-2b8f-4e9d-b4cb-f29509084020,28/05/2015 05:42:02,0,13745.0
533,0bc06ffd-2b8f-4e9d-b4cb-f29509084020,28/05/2015 04:42:02,0,13745.0
534,0bc06ffd-2b8f-4e9d-b4cb-f29509084020,28/05/2015 03:42:02,0,13745.0
535,0bc06ffd-2b8f-4e9d-b4cb-f29509084020,28/05/2015 02:41:48,0,13745.0
536,0bc06ffd-2b8f-4e9d-b4cb-f29509084020,28/05/2015 01:41:48,0,13745.0
537,0bc06ffd-2b8f-4e9d-b4cb-f29509084020,28/05/2015 00:41:48,0,13745.0
538,0bc06ffd-2b8f-4e9d-b4cb-f29509084020,27/05/2015 23:41:48,0,13745.0
539,0bc06ffd-2b8f-4e9d-b4cb-f29509084020,27/05/2015 22:41:42,0,13745.0
540,0bc06ffd-2b8f-4e9d-b4cb-f29509084020,27/05/2015 21:41:42,0,13745.0
541,0bc06ffd-2b8f-4e9d-b4cb-f29509084020,27/05/2015 20:41:42,0,13745.0
542,0bc06ffd-2b8f-4e9d-b4cb-f29509084020,27/05/2015 19:41:42,0,13745.0
543,0bc06ffd-2b8f-4e9d-b4cb-f29509084020,27/05/2015 02:41:43,0,13745.0
544,0bc06ffd-2b8f-4e9d-b4cb-f29509084020,27/05/2015 01:41:43,0,13745.0
545,0bc06ffd-2b8f-4e9d-b4cb-f29509084020,27/05/2015 00:41:43,0,13745.0
546,0bc06ffd-2b8f-4e9d-b4cb-f29509084020,26/05/2015 23:41:43,0,13745.0
547,0bc06ffd-2b8f-4e9d-b4cb-f29509084020,26/05/2015 22:41:43,0,13745.0
548,0bc06ffd-2b8f-4e9d-b4cb-f29509084020,26/05/2015 21:41:43,0,13745.0
549,0bc06ffd-2b8f-4e9d-b4cb-f29509084020,26/05/2015 20:41:43,0,13745.0
550,0bc06ffd-2b8f-4e9d-b4cb-f29509084020,26/05/2015 19:41:43,0,13745.0
551,0bc06ffd-2b8f-4e9d-b4cb-f29509084020,26/05/2015 18:41:46,0,13745.0
552,0bc06ffd-2b8f-4e9d-b4cb-f29509084020,26/05/2015 17:41:46,0,13745.0
553,0bc06ffd-2b8f-4e9d-b4cb-f29509084020,26/05/2015 16:41:46,0,13745.0
554,0bc06ffd-2b8f-4e9d-b4cb-f29509084020,26/05/2015 15:41:46,0,13745.0
555,0bc06ffd-2b8f-4e9d-b4cb-f29509084020,26/05/2015 06:42:05,0,13745.0
556,0bc06ffd-2b8f-4e9d-b4cb-f29509084020,26/05/2015 05:42:05,0,13745.0
557,0bc06ffd-2b8f-4e9d-b4cb-f29509084020,26/05/2015 04:42:05,0,13745.0
558,0bc06ffd-2b8f-4e9d-b4cb-f29509084020,26/05/2015 03:42:05,0,13745.0
559,0bc06ffd-2b8f-4e9d-b4cb-f29509084020,26/05/2015 02:41:44,0,13745.0
560,0bc06ffd-2b8f-4e9d-b4cb-f29509084020,26/05/2015 01:41:44,0,13745.0
561,0bc06ffd-2b8f-4e9d-b4cb-f29509084020,26/05/2015 00:41:44,0,13745.0
562,0bc06ffd-2b8f-4e9d-b4cb-f29509084020,25/05/2015 23:41:44,21,13745.0
563,0bc06ffd-2b8f-4e9d-b4cb-f29509084020,24/05/2015 10:41:49,0,13724.0
564,0bc06ffd-2b8f-4e9d-b4cb-f29509084020,24/05/2015 09:41:49,0,13724.0
565,0bc06ffd-2b8f-4e9d-b4cb-f29509084020,24/05/2015 08:41:49,0,13724.0
566,0bc06ffd-2b8f-4e9d-b4cb-f29509084020,24/05/2015 07:41:49,0,13724.0
567,0bc06ffd-2b8f-4e9d-b4cb-f29509084020,24/05/2015 06:42:00,0,13724.0
568,0bc06ffd-2b8f-4e9d-b4cb-f29509084020,24/05/2015 05:42:00,0,13724.0
569,0bc06ffd-2b8f-4e9d-b4cb-f29509084020,24/05/2015 04:42:00,0,13724.0
570,0bc06ffd-2b8f-4e9d-b4cb-f29509084020,24/05/2015 03:42:00,0,13724.0
571,0bc06ffd-2b8f-4e9d-b4cb-f29509084020,23/05/2015 06:42:04,0,13724.0
572,0bc06ffd-2b8f-4e9d-b4cb-f29509084020,23/05/2015 05:42:04,0,13724.0
573,0bc06ffd-2b8f-4e9d-b4cb-f29509084020,23/05/2015 04:42:04,0,13724.0
574,0bc06ffd-2b8f-4e9d-b4cb-f29509084020,23/05/2015 03:42:04,32,13724.0
575,0bc06ffd-2b8f-4e9d-b4cb-f29509084020,21/05/2015 02:41:54,0,13692.0
576,0bc06ffd-2b8f-4e9d-b4cb-f29509084020,21/05/2015 01:41:54,0,13692.0
577,0bc06ffd-2b8f-4e9d-b4cb-f29509084020,21/05/2015 00:41:54,0,13692.0
578,0bc06ffd-2b8f-4e9d-b4cb-f29509084020,20/05/2015 23:41:54,15,13692.0
579,0bc06ffd-2b8f-4e9d-b4cb-f29509084020,20/05/2015 02:41:55,0,13677.0
580,0bc06ffd-2b8f-4e9d-b4cb-f29509084020,20/05/2015 01:41:55,0,13677.0
581,0bc06ffd-2b8f-4e9d-b4cb-f29509084020,20/05/2015 00:41:55,0,13677.0
582,0bc06ffd-2b8f-4e9d-b4cb-f29509084020,19/05/2015 23:41:55,355,13677.0
583,0bc06ffd-2b8f-4e9d-b4cb-f29509084020,14/05/2015 18:42:21,0,13322.0
584,0bc06ffd-2b8f-4e9d-b4cb-f29509084020,14/05/2015 17:42:21,0,13322.0
585,0bc06ffd-2b8f-4e9d-b4cb-f29509084020,14/05/2015 16:42:21,0,13322.0
586,0bc06ffd-2b8f-4e9d-b4cb-f29509084020,14/05/2015 15:42:21,0,13322.0
587,0bc06ffd-2b8f-4e9d-b4cb-f29509084020,14/05/2015 06:42:19,0,13322.0
588,0bc06ffd-2b8f-4e9d-b4cb-f29509084020,14/05/2015 05:42:19,0,13322.0
589,0bc06ffd-2b8f-4e9d-b4cb-f29509084020,14/05/2015 04:42:19,0,13322.0
590,0bc06ffd-2b8f-4e9d-b4cb-f29509084020,14/05/2015 03:42:19,0,13322.0
591,0bc06ffd-2b8f-4e9d-b4cb-f29509084020,14/05/2015 02:42:12,0,13322.0
592,0bc06ffd-2b8f-4e9d-b4cb-f29509084020,14/05/2015 01:42:12,0,13322.0
593,0bc06ffd-2b8f-4e9d-b4cb-f29509084020,14/05/2015 00:42:12,0,13322.0
594,0bc06ffd-2b8f-4e9d-b4cb-f29509084020,13/05/2015 23:42:12,456,13322.0
595,0bc06ffd-2b8f-4e9d-b4cb-f29509084020,14/04/2015 06:43:16,0,12866.0
596,0bc06ffd-2b8f-4e9d-b4cb-f29509084020,14/04/2015 05:43:16,0,12866.0
597,0bc06ffd-2b8f-4e9d-b4cb-f29509084020,14/04/2015 04:43:16,0,12866.0
598,0bc06ffd-2b8f-4e9d-b4cb-f29509084020,14/04/2015 03:43:16,16,12866.0
599,0bc06ffd-2b8f-4e9d-b4cb-f29509084020,11/4/2015 14:43,0,12850.0
600,0bc06ffd-2b8f-4e9d-b4cb-f29509084020,11/4/2015 13:43,0,12850.0
601,0bc06ffd-2b8f-4e9d-b4cb-f29509084020,11/4/2015 12:43,0,12850.0
602,0bc06ffd-2b8f-4e9d-b4cb-f29509084020,11/4/2015 11:43,0,12850.0
603,0bc06ffd-2b8f-4e9d-b4cb-f29509084020,10/4/2015 2:43,0,12850.0
604,0bc06ffd-2b8f-4e9d-b4cb-f29509084020,10/4/2015 1:43,0,12850.0
605,0bc06ffd-2b8f-4e9d-b4cb-f29509084020,10/4/2015 0:43,0,12850.0
606,0bc06ffd-2b8f-4e9d-b4cb-f29509084020,9/4/2015 23:43,0,12850.0
607,0bc06ffd-2b8f-4e9d-b4cb-f29509084020,9/4/2015 14:43,0,12850.0
608,0bc06ffd-2b8f-4e9d-b4cb-f29509084020,9/4/2015 13:43,0,12850.0
609,0bc06ffd-2b8f-4e9d-b4cb-f29509084020,9/4/2015 12:43,0,12850.0
610,0bc06ffd-2b8f-4e9d-b4cb-f29509084020,9/4/2015 11:43,224,12850.0
611,0bc06ffd-2b8f-4e9d-b4cb-f29509084020,31/03/2015 02:43:47,0,12626.0
612,0bc06ffd-2b8f-4e9d-b4cb-f29509084020,31/03/2015 01:43:47,0,12626.0
613,0bc06ffd-2b8f-4e9d-b4cb-f29509084020,31/03/2015 00:43:47,0,12626.0
614,0bc06ffd-2b8f-4e9d-b4cb-f29509084020,30/03/2015 23:43:47,0,12626.0
615,0bc06ffd-2b8f-4e9d-b4cb-f29509084020,30/03/2015 14:43:47,0,12626.0
616,0bc06ffd-2b8f-4e9d-b4cb-f29509084020,30/03/2015 13:43:47,0,12626.0
617,0bc06ffd-2b8f-4e9d-b4cb-f29509084020,30/03/2015 12:43:47,0,12626.0
618,0bc06ffd-2b8f-4e9d-b4cb-f29509084020,30/03/2015 11:43:47,0,12626.0
619,0bc06ffd-2b8f-4e9d-b4cb-f29509084020,30/03/2015 10:44:00,0,12626.0
620,0bc06ffd-2b8f-4e9d-b4cb-f29509084020,30/03/2015 09:44:00,0,12626.0
621,0bc06ffd-2b8f-4e9d-b4cb-f29509084020,30/03/2015 08:44:00,0,12626.0
622,0bc06ffd-2b8f-4e9d-b4cb-f29509084020,30/03/2015 07:44:00,0,12626.0
623,0bc06ffd-2b8f-4e9d-b4cb-f29509084020,30/03/2015 06:43:55,0,12626.0
624,0bc06ffd-2b8f-4e9d-b4cb-f29509084020,30/03/2015 05:43:55,0,12626.0
625,0bc06ffd-2b8f-4e9d-b4cb-f29509084020,30/03/2015 04:43:55,0,12626.0
626,0bc06ffd-2b8f-4e9d-b4cb-f29509084020,30/03/2015 03:43:55,0,12626.0
627,0bc06ffd-2b8f-4e9d-b4cb-f29509084020,30/03/2015 02:44:15,0,12626.0
628,0bc06ffd-2b8f-4e9d-b4cb-f29509084020,30/03/2015 01:44:15,0,12626.0
629,0bc06ffd-2b8f-4e9d-b4cb-f29509084020,30/03/2015 00:44:15,0,12626.0
630,0bc06ffd-2b8f-4e9d-b4cb-f29509084020,29/03/2015 23:44:15,0,12626.0
631,0bc06ffd-2b8f-4e9d-b4cb-f29509084020,29/03/2015 14:43:54,0,12626.0
632,0bc06ffd-2b8f-4e9d-b4cb-f29509084020,29/03/2015 13:43:54,0,12626.0
633,0bc06ffd-2b8f-4e9d-b4cb-f29509084020,29/03/2015 12:43:54,0,12626.0
634,0bc06ffd-2b8f-4e9d-b4cb-f29509084020,29/03/2015 11:43:54,0,12626.0
635,0bc06ffd-2b8f-4e9d-b4cb-f29509084020,28/03/2015 13:43:50,0,12626.0
636,0bc06ffd-2b8f-4e9d-b4cb-f29509084020,28/03/2015 12:43:50,0,12626.0
637,0bc06ffd-2b8f-4e9d-b4cb-f29509084020,28/03/2015 11:43:50,0,12626.0
638,0bc06ffd-2b8f-4e9d-b4cb-f29509084020,28/03/2015 10:43:50,11,12626.0
639,0bc06ffd-2b8f-4e9d-b4cb-f29509084020,26/03/2015 17:43:51,0,12615.0
640,0bc06ffd-2b8f-4e9d-b4cb-f29509084020,26/03/2015 16:43:51,0,12615.0
641,0bc06ffd-2b8f-4e9d-b4cb-f29509084020,26/03/2015 15:43:51,0,12615.0
642,0bc06ffd-2b8f-4e9d-b4cb-f29509084020,26/03/2015 14:43:51,0,12615.0
643,0bc06ffd-2b8f-4e9d-b4cb-f29509084020,26/03/2015 01:43:58,0,12615.0
644,0bc06ffd-2b8f-4e9d-b4cb-f29509084020,26/03/2015 00:43:58,0,12615.0
645,0bc06ffd-2b8f-4e9d-b4cb-f29509084020,25/03/2015 23:43:58,0,12615.0
646,0bc06ffd-2b8f-4e9d-b4cb-f29509084020,25/03/2015 22:43:58,108,12615.0
647,0bc06ffd-2b8f-4e9d-b4cb-f29509084020,24/03/2015 17:44:06,0,12507.0
648,0bc06ffd-2b8f-4e9d-b4cb-f29509084020,24/03/2015 16:44:06,0,12507.0
649,0bc06ffd-2b8f-4e9d-b4cb-f29509084020,24/03/2015 15:44:06,0,12507.0
650,0bc06ffd-2b8f-4e9d-b4cb-f29509084020,24/03/2015 14:44:06,105,12507.0
651,0bc06ffd-2b8f-4e9d-b4cb-f29509084020,20/03/2015 09:44:20,0,12402.0
652,0bc06ffd-2b8f-4e9d-b4cb-f29509084020,20/03/2015 08:44:20,0,12402.0
653,0bc06ffd-2b8f-4e9d-b4cb-f29509084020,20/03/2015 07:44:20,0,12402.0
654,0bc06ffd-2b8f-4e9d-b4cb-f29509084020,20/03/2015 06:44:20,0,12402.0
655,0bc06ffd-2b8f-4e9d-b4cb-f29509084020,19/03/2015 09:44:09,0,12402.0
656,0bc06ffd-2b8f-4e9d-b4cb-f29509084020,19/03/2015 08:44:09,0,12402.0
657,0bc06ffd-2b8f-4e9d-b4cb-f29509084020,19/03/2015 07:44:09,0,12402.0
658,0bc06ffd-2b8f-4e9d-b4cb-f29509084020,19/03/2015 06:44:09,0,12402.0
659,0bc06ffd-2b8f-4e9d-b4cb-f29509084020,18/03/2015 21:44:22,0,12402.0
660,0bc06ffd-2b8f-4e9d-b4cb-f29509084020,18/03/2015 20:44:22,0,12402.0
661,0bc06ffd-2b8f-4e9d-b4cb-f29509084020,18/03/2015 19:44:22,9,12402.0
662,0bc06ffd-2b8f-4e9d-b4cb-f29509084020,18/03/2015 18:44:22,13,12393.0
663,0bc06ffd-2b8f-4e9d-b4cb-f29509084020,18/03/2015 13:44:11,0,12380.0
664,0bc06ffd-2b8f-4e9d-b4cb-f29509084020,18/03/2015 12:44:11,15,12380.0
665,0bc06ffd-2b8f-4e9d-b4cb-f29509084020,18/03/2015 11:44:11,0,12365.0
666,0bc06ffd-2b8f-4e9d-b4cb-f29509084020,18/03/2015 10:44:11,15,12365.0
667,0bc06ffd-2b8f-4e9d-b4cb-f29509084020,16/03/2015 13:44:15,0,12350.0
668,0bc06ffd-2b8f-4e9d-b4cb-f29509084020,16/03/2015 12:44:15,0,12350.0
669,0bc06ffd-2b8f-4e9d-b4cb-f29509084020,16/03/2015 11:44:15,0,12350.0
670,0bc06ffd-2b8f-4e9d-b4cb-f29509084020,16/03/2015 10:44:15,0,12350.0
671,0bc06ffd-2b8f-4e9d-b4cb-f29509084020,15/03/2015 21:44:16,0,12350.0
672,0bc06ffd-2b8f-4e9d-b4cb-f29509084020,15/03/2015 20:44:16,0,12350.0
673,0bc06ffd-2b8f-4e9d-b4cb-f29509084020,15/03/2015 19:44:16,0,12350.0
674,0bc06ffd-2b8f-4e9d-b4cb-f29509084020,15/03/2015 18:44:16,0,12350.0
675,0bc06ffd-2b8f-4e9d-b4cb-f29509084020,15/03/2015 05:44:14,0,12350.0
676,0bc06ffd-2b8f-4e9d-b4cb-f29509084020,15/03/2015 04:44:14,0,12350.0
677,0bc06ffd-2b8f-4e9d-b4cb-f29509084020,15/03/2015 03:44:14,0,12350.0
678,0bc06ffd-2b8f-4e9d-b4cb-f29509084020,15/03/2015 02:44:14,0,12350.0
679,0bc06ffd-2b8f-4e9d-b4cb-f29509084020,15/03/2015 01:44:21,0,12350.0
680,0bc06ffd-2b8f-4e9d-b4cb-f29509084020,15/03/2015 00:44:21,0,12350.0
681,0bc06ffd-2b8f-4e9d-b4cb-f29509084020,14/03/2015 23:44:21,0,12350.0
682,0bc06ffd-2b8f-4e9d-b4cb-f29509084020,14/03/2015 22:44:21,31,12350.0
683,0bc06ffd-2b8f-4e9d-b4cb-f29509084020,11/3/2015 9:44,0,12319.0
684,0bc06ffd-2b8f-4e9d-b4cb-f29509084020,11/3/2015 8:44,0,12319.0
685,0bc06ffd-2b8f-4e9d-b4cb-f29509084020,11/3/2015 7:44,0,12319.0
686,0bc06ffd-2b8f-4e9d-b4cb-f29509084020,11/3/2015 6:44,0,12319.0
687,0bc06ffd-2b8f-4e9d-b4cb-f29509084020,11/3/2015 1:44,0,12319.0
688,0bc06ffd-2b8f-4e9d-b4cb-f29509084020,11/3/2015 0:44,0,12319.0
689,0bc06ffd-2b8f-4e9d-b4cb-f29509084020,10/3/2015 23:44,0,12319.0
690,0bc06ffd-2b8f-4e9d-b4cb-f29509084020,10/3/2015 22:44,32,12319.0
691,0bc06ffd-2b8f-4e9d-b4cb-f29509084020,10/3/2015 5:44,0,12287.0
692,0bc06ffd-2b8f-4e9d-b4cb-f29509084020,10/3/2015 4:44,0,12287.0
693,0bc06ffd-2b8f-4e9d-b4cb-f29509084020,10/3/2015 3:44,0,12287.0
694,0bc06ffd-2b8f-4e9d-b4cb-f29509084020,10/3/2015 2:44,0,12287.0
695,0bc06ffd-2b8f-4e9d-b4cb-f29509084020,10/3/2015 1:44,0,12287.0
696,0bc06ffd-2b8f-4e9d-b4cb-f29509084020,10/3/2015 0:44,0,12287.0
697,0bc06ffd-2b8f-4e9d-b4cb-f29509084020,9/3/2015 23:44,0,12287.0
698,0bc06ffd-2b8f-4e9d-b4cb-f29509084020,9/3/2015 22:44,0,12287.0
699,0bc06ffd-2b8f-4e9d-b4cb-f29509084020,8/3/2015 9:44,0,12287.0
700,0bc06ffd-2b8f-4e9d-b4cb-f29509084020,8/3/2015 8:44,0,12287.0
701,0bc06ffd-2b8f-4e9d-b4cb-f29509084020,8/3/2015 7:44,0,12287.0
702,0bc06ffd-2b8f-4e9d-b4cb-f29509084020,8/3/2015 6:44,0,12287.0
703,0bc06ffd-2b8f-4e9d-b4cb-f29509084020,8/3/2015 5:44,0,12287.0
704,0bc06ffd-2b8f-4e9d-b4cb-f29509084020,8/3/2015 4:44,0,12287.0
705,0bc06ffd-2b8f-4e9d-b4cb-f29509084020,8/3/2015 3:44,0,12287.0
706,0bc06ffd-2b8f-4e9d-b4cb-f29509084020,8/3/2015 2:44,0,12287.0
707,0bc06ffd-2b8f-4e9d-b4cb-f29509084020,7/3/2015 17:44,0,12287.0
708,0bc06ffd-2b8f-4e9d-b4cb-f29509084020,7/3/2015 16:44,0,12287.0
709,0bc06ffd-2b8f-4e9d-b4cb-f29509084020,7/3/2015 15:44,0,12287.0
710,0bc06ffd-2b8f-4e9d-b4cb-f29509084020,7/3/2015 14:44,0,12287.0
711,0bc06ffd-2b8f-4e9d-b4cb-f29509084020,7/3/2015 5:44,0,12287.0
712,0bc06ffd-2b8f-4e9d-b4cb-f29509084020,7/3/2015 4:44,0,12287.0
713,0bc06ffd-2b8f-4e9d-b4cb-f29509084020,7/3/2015 3:44,0,12287.0
714,0bc06ffd-2b8f-4e9d-b4cb-f29509084020,7/3/2015 2:44,0,12287.0
715,0bc06ffd-2b8f-4e9d-b4cb-f29509084020,7/3/2015 1:44,0,12287.0
716,0bc06ffd-2b8f-4e9d-b4cb-f29509084020,7/3/2015 0:44,0,12287.0
717,0bc06ffd-2b8f-4e9d-b4cb-f29509084020,6/3/2015 23:44,0,12287.0
718,0bc06ffd-2b8f-4e9d-b4cb-f29509084020,6/3/2015 22:44,0,12287.0
719,0bc06ffd-2b8f-4e9d-b4cb-f29509084020,6/3/2015 9:44,0,12287.0
720,0bc06ffd-2b8f-4e9d-b4cb-f29509084020,6/3/2015 8:44,0,12287.0
721,0bc06ffd-2b8f-4e9d-b4cb-f29509084020,6/3/2015 7:44,0,12287.0
722,0bc06ffd-2b8f-4e9d-b4cb-f29509084020,6/3/2015 6:44,0,12287.0
723,0bc06ffd-2b8f-4e9d-b4cb-f29509084020,6/3/2015 5:44,0,12287.0
724,0bc06ffd-2b8f-4e9d-b4cb-f29509084020,6/3/2015 4:44,0,12287.0
725,0bc06ffd-2b8f-4e9d-b4cb-f29509084020,6/3/2015 3:44,0,12287.0
726,0bc06ffd-2b8f-4e9d-b4cb-f29509084020,6/3/2015 2:44,794,12287.0
727,0bc06ffd-2b8f-4e9d-b4cb-f29509084020,3/3/2015 5:44,0,11493.0
728,0bc06ffd-2b8f-4e9d-b4cb-f29509084020,3/3/2015 4:44,0,11493.0
729,0bc06ffd-2b8f-4e9d-b4cb-f29509084020,3/3/2015 3:44,0,11493.0
730,0bc06ffd-2b8f-4e9d-b4cb-f29509084020,3/3/2015 2:44,33,11493.0
731,0bc06ffd-2b8f-4e9d-b4cb-f29509084020,2/3/2015 13:44,0,11460.0
732,0bc06ffd-2b8f-4e9d-b4cb-f29509084020,2/3/2015 12:44,0,11460.0
733,0bc06ffd-2b8f-4e9d-b4cb-f29509084020,2/3/2015 11:44,0,11460.0
734,0bc06ffd-2b8f-4e9d-b4cb-f29509084020,2/3/2015 10:44,0,11460.0
735,0bc06ffd-2b8f-4e9d-b4cb-f29509084020,1/3/2015 13:44,0,11460.0
736,0bc06ffd-2b8f-4e9d-b4cb-f29509084020,1/3/2015 12:44,0,11460.0
737,0bc06ffd-2b8f-4e9d-b4cb-f29509084020,1/3/2015 11:44,0,11460.0
738,0bc06ffd-2b8f-4e9d-b4cb-f29509084020,1/3/2015 10:44,1446,11460.0
739,0bc06ffd-2b8f-4e9d-b4cb-f29509084020,27/02/2015 17:44:54,28,10014.0
740,0bc06ffd-2b8f-4e9d-b4cb-f29509084020,27/02/2015 16:44:54,27,9986.0
741,0bc06ffd-2b8f-4e9d-b4cb-f29509084020,27/02/2015 15:44:54,41,9959.0
742,0bc06ffd-2b8f-4e9d-b4cb-f29509084020,27/02/2015 14:44:54,656,9918.0
743,0bc06ffd-2b8f-4e9d-b4cb-f29509084020,30/01/2015 13:45:43,0,9262.0
744,0bc06ffd-2b8f-4e9d-b4cb-f29509084020,30/01/2015 12:45:43,0,9262.0
745,0bc06ffd-2b8f-4e9d-b4cb-f29509084020,30/01/2015 11:45:43,0,9262.0
746,0bc06ffd-2b8f-4e9d-b4cb-f29509084020,30/01/2015 10:45:43,16,9262.0
747,0bc06ffd-2b8f-4e9d-b4cb-f29509084020,29/01/2015 09:45:55,0,9246.0
748,0bc06ffd-2b8f-4e9d-b4cb-f29509084020,29/01/2015 08:45:55,0,9246.0
749,0bc06ffd-2b8f-4e9d-b4cb-f29509084020,29/01/2015 07:45:55,0,9246.0
750,0bc06ffd-2b8f-4e9d-b4cb-f29509084020,29/01/2015 06:45:55,0,9246.0
751,0bc06ffd-2b8f-4e9d-b4cb-f29509084020,29/01/2015 05:45:49,0,9246.0
752,0bc06ffd-2b8f-4e9d-b4cb-f29509084020,29/01/2015 04:45:49,0,9246.0
753,0bc06ffd-2b8f-4e9d-b4cb-f29509084020,29/01/2015 03:45:49,0,9246.0
754,0bc06ffd-2b8f-4e9d-b4cb-f29509084020,29/01/2015 02:45:49,0,9246.0
755,0bc06ffd-2b8f-4e9d-b4cb-f29509084020,28/01/2015 13:45:48,0,9246.0
756,0bc06ffd-2b8f-4e9d-b4cb-f29509084020,28/01/2015 12:45:48,0,9246.0
757,0bc06ffd-2b8f-4e9d-b4cb-f29509084020,28/01/2015 11:45:48,0,9246.0
758,0bc06ffd-2b8f-4e9d-b4cb-f29509084020,28/01/2015 10:45:48,0,9246.0
759,0bc06ffd-2b8f-4e9d-b4cb-f29509084020,28/01/2015 09:45:57,0,9246.0
760,0bc06ffd-2b8f-4e9d-b4cb-f29509084020,28/01/2015 08:45:57,0,9246.0
761,0bc06ffd-2b8f-4e9d-b4cb-f29509084020,28/01/2015 07:45:57,0,9246.0
762,0bc06ffd-2b8f-4e9d-b4cb-f29509084020,28/01/2015 06:45:57,0,9246.0
763,0bc06ffd-2b8f-4e9d-b4cb-f29509084020,28/01/2015 05:45:55,0,9246.0
764,0bc06ffd-2b8f-4e9d-b4cb-f29509084020,28/01/2015 04:45:55,0,9246.0
765,0bc06ffd-2b8f-4e9d-b4cb-f29509084020,28/01/2015 03:45:55,0,9246.0
766,0bc06ffd-2b8f-4e9d-b4cb-f29509084020,28/01/2015 02:45:55,0,9246.0
767,0bc06ffd-2b8f-4e9d-b4cb-f29509084020,28/01/2015 01:45:52,0,9246.0
768,0bc06ffd-2b8f-4e9d-b4cb-f29509084020,28/01/2015 00:45:52,0,9246.0
769,0bc06ffd-2b8f-4e9d-b4cb-f29509084020,27/01/2015 23:45:52,0,9246.0
770,0bc06ffd-2b8f-4e9d-b4cb-f29509084020,27/01/2015 22:45:52,10,9246.0
771,0bc06ffd-2b8f-4e9d-b4cb-f29509084020,27/01/2015 05:46:02,0,9236.0
772,0bc06ffd-2b8f-4e9d-b4cb-f29509084020,27/01/2015 04:46:02,0,9236.0
773,0bc06ffd-2b8f-4e9d-b4cb-f29509084020,27/01/2015 03:46:02,0,9236.0
774,0bc06ffd-2b8f-4e9d-b4cb-f29509084020,27/01/2015 02:46:02,0,9236.0
775,0bc06ffd-2b8f-4e9d-b4cb-f29509084020,26/01/2015 17:45:52,0,9236.0
776,0bc06ffd-2b8f-4e9d-b4cb-f29509084020,26/01/2015 16:45:52,0,9236.0
777,0bc06ffd-2b8f-4e9d-b4cb-f29509084020,26/01/2015 15:45:52,0,9236.0
778,0bc06ffd-2b8f-4e9d-b4cb-f29509084020,26/01/2015 14:45:52,0,9236.0
779,0bc06ffd-2b8f-4e9d-b4cb-f29509084020,26/01/2015 13:45:53,0,9236.0
780,0bc06ffd-2b8f-4e9d-b4cb-f29509084020,26/01/2015 12:45:53,0,9236.0
781,0bc06ffd-2b8f-4e9d-b4cb-f29509084020,26/01/2015 11:45:53,0,9236.0
782,0bc06ffd-2b8f-4e9d-b4cb-f29509084020,26/01/2015 10:45:53,0,9236.0
783,0bc06ffd-2b8f-4e9d-b4cb-f29509084020,23/01/2015 21:46:04,0,9236.0
784,0bc06ffd-2b8f-4e9d-b4cb-f29509084020,23/01/2015 20:46:04,0,9236.0
785,0bc06ffd-2b8f-4e9d-b4cb-f29509084020,23/01/2015 19:46:04,0,9236.0
786,0bc06ffd-2b8f-4e9d-b4cb-f29509084020,23/01/2015 18:46:04,22,9236.0
787,0bc06ffd-2b8f-4e9d-b4cb-f29509084020,22/01/2015 17:46:03,0,9214.0
788,0bc06ffd-2b8f-4e9d-b4cb-f29509084020,22/01/2015 16:46:03,0,9214.0
789,0bc06ffd-2b8f-4e9d-b4cb-f29509084020,22/01/2015 15:46:03,0,9214.0
790,0bc06ffd-2b8f-4e9d-b4cb-f29509084020,22/01/2015 14:46:03,19,9214.0
791,0bc06ffd-2b8f-4e9d-b4cb-f29509084020,21/01/2015 05:46:07,0,9195.0
792,0bc06ffd-2b8f-4e9d-b4cb-f29509084020,21/01/2015 04:46:07,0,9195.0
793,0bc06ffd-2b8f-4e9d-b4cb-f29509084020,21/01/2015 03:46:07,0,9195.0
794,0bc06ffd-2b8f-4e9d-b4cb-f29509084020,21/01/2015 02:46:07,0,9195.0
795,0bc06ffd-2b8f-4e9d-b4cb-f29509084020,21/01/2015 01:46:03,0,9195.0
796,0bc06ffd-2b8f-4e9d-b4cb-f29509084020,21/01/2015 00:46:03,0,9195.0
797,0bc06ffd-2b8f-4e9d-b4cb-f29509084020,20/01/2015 23:46:03,0,9195.0
798,0bc06ffd-2b8f-4e9d-b4cb-f29509084020,20/01/2015 22:46:03,0,9195.0
799,0bc06ffd-2b8f-4e9d-b4cb-f29509084020,20/01/2015 17:46:04,0,9195.0
800,0bc06ffd-2b8f-4e9d-b4cb-f29509084020,20/01/2015 16:46:04,0,9195.0
801,0bc06ffd-2b8f-4e9d-b4cb-f29509084020,20/01/2015 15:46:04,0,9195.0
802,0bc06ffd-2b8f-4e9d-b4cb-f29509084020,20/01/2015 14:46:04,0,9195.0
803,0bc06ffd-2b8f-4e9d-b4cb-f29509084020,20/01/2015 05:46:06,0,9195.0
804,0bc06ffd-2b8f-4e9d-b4cb-f29509084020,20/01/2015 04:46:06,0,9195.0
805,0bc06ffd-2b8f-4e9d-b4cb-f29509084020,20/01/2015 03:46:06,0,9195.0
806,0bc06ffd-2b8f-4e9d-b4cb-f29509084020,20/01/2015 02:46:06,18,9195.0
807,0bc06ffd-2b8f-4e9d-b4cb-f29509084020,17/01/2015 13:46:11,0,9177.0
808,0bc06ffd-2b8f-4e9d-b4cb-f29509084020,17/01/2015 12:46:11,0,9177.0
809,0bc06ffd-2b8f-4e9d-b4cb-f29509084020,17/01/2015 11:46:11,0,9177.0
810,0bc06ffd-2b8f-4e9d-b4cb-f29509084020,17/01/2015 10:46:11,0,9177.0
811,0bc06ffd-2b8f-4e9d-b4cb-f29509084020,17/01/2015 09:46:15,0,9177.0
812,0bc06ffd-2b8f-4e9d-b4cb-f29509084020,17/01/2015 08:46:15,0,9177.0
813,0bc06ffd-2b8f-4e9d-b4cb-f29509084020,17/01/2015 07:46:15,0,9177.0
814,0bc06ffd-2b8f-4e9d-b4cb-f29509084020,17/01/2015 06:46:15,0,9177.0
815,0bc06ffd-2b8f-4e9d-b4cb-f29509084020,16/01/2015 17:46:13,0,9177.0
816,0bc06ffd-2b8f-4e9d-b4cb-f29509084020,16/01/2015 16:46:13,0,9177.0
817,0bc06ffd-2b8f-4e9d-b4cb-f29509084020,16/01/2015 15:46:13,0,9177.0
818,0bc06ffd-2b8f-4e9d-b4cb-f29509084020,16/01/2015 14:46:13,23,9177.0
819,0bc06ffd-2b8f-4e9d-b4cb-f29509084020,15/01/2015 09:46:14,0,9154.0
820,0bc06ffd-2b8f-4e9d-b4cb-f29509084020,15/01/2015 08:46:14,0,9154.0
821,0bc06ffd-2b8f-4e9d-b4cb-f29509084020,15/01/2015 07:46:14,0,9154.0
822,0bc06ffd-2b8f-4e9d-b4cb-f29509084020,15/01/2015 06:46:14,21,9154.0
823,0bc06ffd-2b8f-4e9d-b4cb-f29509084020,11/1/2015 13:46,0,9133.0
824,0bc06ffd-2b8f-4e9d-b4cb-f29509084020,11/1/2015 12:46,0,9133.0
825,0bc06ffd-2b8f-4e9d-b4cb-f29509084020,11/1/2015 11:46,0,9133.0
826,0bc06ffd-2b8f-4e9d-b4cb-f29509084020,11/1/2015 10:46,0,9133.0
827,0bc06ffd-2b8f-4e9d-b4cb-f29509084020,11/1/2015 9:46,0,9133.0
828,0bc06ffd-2b8f-4e9d-b4cb-f29509084020,11/1/2015 8:46,0,9133.0
829,0bc06ffd-2b8f-4e9d-b4cb-f29509084020,11/1/2015 7:46,0,9133.0
830,0bc06ffd-2b8f-4e9d-b4cb-f29509084020,11/1/2015 6:46,13,9133.0
831,0bc06ffd-2b8f-4e9d-b4cb-f29509084020,8/1/2015 17:46,0,9120.0
832,0bc06ffd-2b8f-4e9d-b4cb-f29509084020,8/1/2015 16:46,0,9120.0
833,0bc06ffd-2b8f-4e9d-b4cb-f29509084020,8/1/2015 15:46,0,9120.0
834,0bc06ffd-2b8f-4e9d-b4cb-f29509084020,8/1/2015 14:46,20,9120.0
835,0bc06ffd-2b8f-4e9d-b4cb-f29509084020,6/1/2015 21:46,0,9100.0
836,0bc06ffd-2b8f-4e9d-b4cb-f29509084020,6/1/2015 20:46,0,9100.0
837,0bc06ffd-2b8f-4e9d-b4cb-f29509084020,6/1/2015 19:46,0,9100.0
838,0bc06ffd-2b8f-4e9d-b4cb-f29509084020,6/1/2015 18:46,0,9100.0
839,0bc06ffd-2b8f-4e9d-b4cb-f29509084020,6/1/2015 13:46,0,9100.0
840,0bc06ffd-2b8f-4e9d-b4cb-f29509084020,6/1/2015 12:46,0,9100.0
841,0bc06ffd-2b8f-4e9d-b4cb-f29509084020,6/1/2015 11:46,45,9100.0
842,0bc06ffd-2b8f-4e9d-b4cb-f29509084020,6/1/2015 10:46,0,9055.0
843,0bc06ffd-2b8f-4e9d-b4cb-f29509084020,5/1/2015 9:46,0,9055.0
844,0bc06ffd-2b8f-4e9d-b4cb-f29509084020,5/1/2015 8:46,0,9055.0
845,0bc06ffd-2b8f-4e9d-b4cb-f29509084020,5/1/2015 7:46,0,9055.0
846,0bc06ffd-2b8f-4e9d-b4cb-f29509084020,5/1/2015 6:46,0,9055.0
847,0bc06ffd-2b8f-4e9d-b4cb-f29509084020,5/1/2015 5:46,0,9055.0
848,0bc06ffd-2b8f-4e9d-b4cb-f29509084020,5/1/2015 4:46,0,9055.0
849,0bc06ffd-2b8f-4e9d-b4cb-f29509084020,5/1/2015 3:46,0,9055.0
850,0bc06ffd-2b8f-4e9d-b4cb-f29509084020,5/1/2015 2:46,0,9055.0
851,0bc06ffd-2b8f-4e9d-b4cb-f29509084020,5/1/2015 1:46,0,9055.0
852,0bc06ffd-2b8f-4e9d-b4cb-f29509084020,5/1/2015 0:46,0,9055.0
853,0bc06ffd-2b8f-4e9d-b4cb-f29509084020,4/1/2015 23:46,0,9055.0
854,0bc06ffd-2b8f-4e9d-b4cb-f29509084020,4/1/2015 22:46,0,9055.0
855,0bc06ffd-2b8f-4e9d-b4cb-f29509084020,4/1/2015 17:46,0,9055.0
856,0bc06ffd-2b8f-4e9d-b4cb-f29509084020,4/1/2015 16:46,0,9055.0
857,0bc06ffd-2b8f-4e9d-b4cb-f29509084020,4/1/2015 15:46,0,9055.0
858,0bc06ffd-2b8f-4e9d-b4cb-f29509084020,4/1/2015 14:46,0,9055.0
859,0bc06ffd-2b8f-4e9d-b4cb-f29509084020,4/1/2015 13:46,0,9055.0
860,0bc06ffd-2b8f-4e9d-b4cb-f29509084020,4/1/2015 12:46,0,9055.0
861,0bc06ffd-2b8f-4e9d-b4cb-f29509084020,4/1/2015 11:46,0,9055.0
862,0bc06ffd-2b8f-4e9d-b4cb-f29509084020,4/1/2015 10:46,0,9055.0
863,0bc06ffd-2b8f-4e9d-b4cb-f29509084020,4/1/2015 5:46,0,9055.0
864,0bc06ffd-2b8f-4e9d-b4cb-f29509084020,4/1/2015 4:46,0,9055.0
865,0bc06ffd-2b8f-4e9d-b4cb-f29509084020,4/1/2015 3:46,0,9055.0
866,0bc06ffd-2b8f-4e9d-b4cb-f29509084020,4/1/2015 2:46,0,9055.0
867,0bc06ffd-2b8f-4e9d-b4cb-f29509084020,3/1/2015 21:46,0,9055.0
868,0bc06ffd-2b8f-4e9d-b4cb-f29509084020,3/1/2015 20:46,0,9055.0
869,0bc06ffd-2b8f-4e9d-b4cb-f29509084020,3/1/2015 19:46,0,9055.0
870,0bc06ffd-2b8f-4e9d-b4cb-f29509084020,3/1/2015 18:46,92,9055.0
871,0bc06ffd-2b8f-4e9d-b4cb-f29509084020,3/1/2015 9:46,0,8963.0
872,0bc06ffd-2b8f-4e9d-b4cb-f29509084020,3/1/2015 8:46,0,8963.0
873,0bc06ffd-2b8f-4e9d-b4cb-f29509084020,3/1/2015 7:46,0,8963.0
874,0bc06ffd-2b8f-4e9d-b4cb-f29509084020,3/1/2015 6:46,72,8963.0
875,0bc06ffd-2b8f-4e9d-b4cb-f29509084020,1/1/2015 21:46,0,8891.0
876,0bc06ffd-2b8f-4e9d-b4cb-f29509084020,1/1/2015 20:46,0,8891.0
877,0bc06ffd-2b8f-4e9d-b4cb-f29509084020,1/1/2015 19:46,0,8891.0
878,0bc06ffd-2b8f-4e9d-b4cb-f29509084020,1/1/2015 18:46,0,8891.0
879,0bc06ffd-2b8f-4e9d-b4cb-f29509084020,1/1/2015 13:46,0,8891.0
880,0bc06ffd-2b8f-4e9d-b4cb-f29509084020,1/1/2015 12:46,0,8891.0
881,0bc06ffd-2b8f-4e9d-b4cb-f29509084020,1/1/2015 11:46,0,8891.0
882,0bc06ffd-2b8f-4e9d-b4cb-f29509084020,1/1/2015 10:46,0,8891.0
883,0bc06ffd-2b8f-4e9d-b4cb-f29509084020,1/1/2015 9:46,0,8891.0
884,0bc06ffd-2b8f-4e9d-b4cb-f29509084020,1/1/2015 8:46,0,8891.0
885,0bc06ffd-2b8f-4e9d-b4cb-f29509084020,1/1/2015 7:46,0,8891.0
886,0bc06ffd-2b8f-4e9d-b4cb-f29509084020,1/1/2015 6:46,0,8891.0
887,0bc06ffd-2b8f-4e9d-b4cb-f29509084020,1/1/2015 5:46,0,8891.0
888,0bc06ffd-2b8f-4e9d-b4cb-f29509084020,1/1/2015 4:46,0,8891.0
889,0bc06ffd-2b8f-4e9d-b4cb-f29509084020,1/1/2015 3:46,0,8891.0
890,0bc06ffd-2b8f-4e9d-b4cb-f29509084020,1/1/2015 2:46,0,8891.0
